month,Speaker,timetype,time,contents
21-01,푸른바다거북,오후,6:18,안녕하세요 바다거북입니다 잘 부탁드립니다 :)
21-01,독수리(방장),오후,6:18,"분석방에선 다른 말씀 나누시지 마시고, 토론방에서 말씀해주세용"
21-01,독수리(방장),오후,6:19,톡게시판 '투표': 선호 투자 방식
21-01,라이언,오후,6:23,안녕하세요
21-01,🐘,오후,6:38,반갑습니다
21-01,펭귄,오후,6:39,반갑습니다!
21-01,용,오후,6:39,반가워용
21-01,🐘,오후,6:39,분석이랑 토론이랑
21-01,🐘,오후,6:39,어떻게 다른가요
21-01,독수리(방장),오후,6:39,분석방 공지 참고해주세요
21-01,독수리(방장),오후,6:40,톡게시판 '글 공유': 선호 투자 방식
21-01,독수리(방장),오후,6:40,투표도 부탁드립니다
21-01,독수리(방장),오후,7:18,"다음주부터 자유롭게 한 종목 분석하시면 됩니다.


매달 모으기로 한 기프티콘은 이번달 해보고 잘 진행되면 받도록 하겠습니다.



분석방에 있는 투표 다들 부탁드립니다.
"
21-01,독수리(방장),오후,7:19,톡게시판 '글 공유': 선호 투자 방식
21-01,독수리(방장),오후,7:19,톡게시판 '투표': 분석 참여하지 않는 주린이들 받는 것(분석방에만)
21-01,독수리(방장),오후,7:44,"다음주부터 자유롭게 한 종목 분석하시면 됩니다.


매달 모으기로 한 기프티콘은 이번달 해보고 잘 진행되면 받도록 하겠습니다.



분석방에 있는 투표 다들 부탁드립니다.
"
21-01,독수리(방장),오후,7:44,톡게시판 '글 공유': 분석 참여하지 않는 주린이들 받는 것(분석방에만)
21-01,독수리(방장),오후,7:44,톡게시판 '글 공유': 선호 투자 방식
21-01,독수리(방장),오후,7:44,사진
21-01,독수리(방장),오후,3:21,"장 마감했습니다. 금일 많은 일들이 있었습니다. 수급은 개인위주였고 장초반엔 혼조세, 11시경에는 조정 겪는 듯 하다가 오후장에 개인들 수급 들어오면서 또다시 빨간불로 마감했습니다."
21-01,독수리(방장),오후,3:22,"조선 해운 철강이 강세였고 장중 대웅을 필두로 치료제주들 급등이 있었지만, 바이오주들 특히 치료제주들은 경계가 필요한 시점으로 보입니다."
21-01,독수리(방장),오후,3:25,말씀드렸던 것처럼 수급이 한차례 바뀌어야 추가 상승이 가능한 자리입니다. 외인과 기관이 현재 매집중인 섹터들이 크게 오르면서 외인 기관 쌍매수 들어오고 개인들이 다른 종목군들에서 매도 나와주면서 건강한 조정을 받아야 더 크게 갈 수 있을 것으로 보입니다. 외인 기관이 매집중인 섹터를 공부해보기 좋은 장입니다. 어제 어떤 분께서 삼성중공업 수급 말씀하셨는데 오늘 조선 해운이 좋았습니다. 앞으로도 당분간 차트나 자리는 의미가 적고 신고가 자리 혹은 수급위주로 보시는 게 수익에 좋으실 겁니다.
21-01,독수리(방장),오후,3:27,말씀 드렸던 한화솔루션이 vi까지 기록하면서 큰 상승나왔는데 제 목표가는 6만원 입니다. 친환경이랑 수소 섹터도 여전히 유효합니다. 오늘 브리핑은 여기까지입니다. 어지러운 장 수고 많으셨습니다.
21-01,독수리(방장),오후,3:15,"금일 장마감 브리핑은 종가베팅 할 생각이 없어 좀 일찍 작성하겠습니다. 친환경주들 반응 나왔지만 시장 여파로 대부분 윗꼬리, 장초반엔 심심하더니 정치 테마주가 변동성 있다가 윗꼬리, 위지트 우리기술투자 정도만 비트코인 신고가 돌파 기대감때문에 수급 유지되고 있습니다."
21-01,독수리(방장),오후,3:17,"원래 조정장 전에 윗꼬리가 자주 달리는데, 오늘 장이 딱 조정장 전날 장세입니다. 개인만이 여전히 홀로 순매수를 했지만, 이제는 개인도 돈이 부족합니다. 이는 신용잔고율을 보고 알 수 있는데 코스닥 신용잔고율이 3%를 돌파하면서 조정장 리스크는 더더욱 커지고 있습니다."
21-01,독수리(방장),오후,3:18,"외인들이 콜옵션 매도하고 풋옵션 매수한 것도 포함하여 최근 며칠간 기관과 외인이 양매도 나섰다는 점도 마찬가지로 조정장을 가르키고 있고, 조지아 상원 의원 선거 결과로 인한 미장의 약세가 예상되기 때문에 이 또한 조정장을 가리키고 있습니다."
21-01,독수리(방장),오후,3:20,"시장은 장기로는 2월까진 우상향을 봅니다. 공매도 부활 전까지는요. 그러나 현시장엔 리스크가 있음이 분명하고, 5일선이 굉장히 동떨어져 있기 때문에 조정폭이 생각보다 깊을 수 있습니다. 오늘 장 중에도 수익실현 권해드렸습니다. 탄소배출권 수소 태양광 풍력 등의 친환경테마가 한차례 수급 받을 것이기 때문에 이번 기회에 현금 확보하여 조정장 전에 계좌를 한 차례 리밸런싱하시면 좋겠습니다."
21-01,독수리(방장),오후,3:22,"오늘 장 중 재밌었던 종목은 일신바이오입니다. 저도 대한과학과 함께 수급받아서 콜드체인 이슈로 오르는가 했지만 몇 분 후, 서린바이오가 개별이슈로 상한가에 도달하려 커플링으로 오른 것으로 확인했습니다. 시장이 모든 것을 반영한다고 하는데, 시장의 오해가 있는 경우가 종종 있습니다. 일신바이오가 딱 그런 상황이었습니다."
21-01,독수리(방장),오후,3:23,사진
21-01,독수리(방장),오후,3:23,화살표로 표시해드린 양봉길이에 비해서 거래량이 너무 적습니다. 이는 주포가 의도적으로 본인이 걸어놓은 매도물량 치워버리고 매수를 단기간에 하여 주가 상승을 꾀한 것으로 해석할 수 있습니다. 또 호가창에서도 큰 물량은 매도 물량에서 나왔습니다.
21-01,독수리(방장),오후,3:24,"3분봉 마감 직전에 물량 던지는 것을 비롯하여 지지선 지키는 척 하다가 대량 물량 쏟아내는 것까지 호가창에서 확인할 수 있었습니다. 이것이 흔히 말하는 설거지인데, 항상 이런 패턴이니 이번 기회에 공부하시면 좋겠습니다."
21-01,독수리(방장),오후,3:25,오늘 장도 수고 많으셨습니다. 조정장 차분히 기다리면서 평소 공부하셨던 종목들 수급 체크하며 분할매수로 대응하면 될 듯 싶습니다. 그럼 좋은 오후 되시기 바랍니다.
21-01,나무늘보,오후,3:59,설거지 패턴에 대해 잘 알게되었습니다..
21-01,나무늘보,오후,3:59,감사합니다
21-01,뱀,오전,7:34,사진 29장
21-01,뱀,오전,7:34,사진 30장
21-01,🐘,오전,7:47,아침 공유 감사합니다
21-01,🐘,오전,7:47,이모티콘
21-01,독수리(방장),오후,3:57,"코스피 4% 올랐지만 외인들이 삼성전자만 사대면서 지수 끌어올린 것에 불과합니다. 장 초반 현대차가 상승하였으나 거짓기사 밝혀지면서 윗꼬리 달았고 그 돈들이 다른 곳으로 이곳 저곳 옮겨다니면서 빠르게 순환매 돌았습니다. 자동차 부품주들, 자율주행들 수급 받았습니다. 오후장엔 5g수급 돌다가 삼성전자가 급등했고, 빗썸 인수 관련도 거짓이라는 기사나면서 관련주들 윗꼬리 달았습니다."
21-01,독수리(방장),오후,3:58,"저는 오늘 케이엠더블유 매도하면서 대응했습니다. 순환매 장세기도 하면서 조정장 보기 때문에 그리 대응했습니다. 그러나 오늘 장만 봐서는 기다리던 조정은 오지 않는다는 말이 다시 떠오릅니다. 미리 아직 순환매 돌지 않은 탄탄한 섹터에 들어갔다가 오르면 팔아주면서 수익 챙기고, 비중은 적게 들어가지만 계좌 순환율을 높여 수익을 극대화하는 게 리스크관리와 수익 모두에 좋아보입니다."
21-01,독수리(방장),오후,3:59,시장이 심심해지면 정치테마주들 급등 언제든지 나올 수 있습니다. 시기상으론 대선 1년 전이라 보통 이 때부터 대선주들 언급되면서 상승 나옵니다.
21-01,독수리(방장),오후,4:00,"이번 한 주는 내내 수익만 챙기면서 매매했는데, 시장이 너무 빨라서 즐겁기도 하면서 피곤하기도 한 장세였습니다. 수고많으셨고 주말에 공부한 종목 공유 부탁드립니다. 감사합니다"
21-01,장구벌레,오후,5:56,"<스튜디오드래곤>


[기술, 수급: A0] 

01.08 종가 기준 전고점 돌파 후 전고점 부근에서 하락 마감. 5일선에 닿아 있는 모양세. 01.06~01.08 3일간 개인+기관의 매도 물량(수익 실현)을 외인이 전부 소화. 01.08에 최고점(102,600) 도달할 수 있었던 것도 13:30~13:40 즈음 외인 수급이 받쳐 줬기 때문. 현재 매물대 20.5%가 01.08 종가에 걸쳐져 있는 데 이것이 지지선이 될지 저항선이 될지를 확인해야 함. 만약 지지선이고 수급이 충분하면 진입 고려. 01.06~01.08 동안 횡보를 거듭했음에도 외인이 매수세를 이어간 걸 보면 지지선이 될 확률이 더 커보임. 

스위트 홈 개봉, 송혜교+김은숙 작가 신작 발표 등이 12/22, 01/05 상승 이끈 것으로 판단. 이때도 역시 외인이 가장 큰 매수 주체. 스위트홈이 넷플릭스 월드와이드차트 3위까지 기록하며 흥행을 이어가고 있고 올해 디즈니 플러스가 한국 진출을 앞두고 있는 만큼 넷플릭스, 티빙, 웨이브 등 OTT 기업들의 콘텐츠 투자 경쟁이 치열해질 예정. 아래는 관련 기사 내용.

“

증권업계에서는 장기 성장성을 더욱 긍정적으로 보고 있다. 넷플릭스, 왓챠 등 국내외 온라인동영상서비스(OTT) 업체 간 경쟁이 심화하면서 제작사의 협상력이 강해지고 있기 때문이다. 내년에는 ‘디즈니플러스’가 한국에 진출한다. 스튜디오드래곤은 대체가 어려운 국내 1위 드라마 제작사라는 점에서 경쟁사보다 더 큰 수혜가 예상된다는 분석이다.

중국에 진출할 것이라는 기대도 커지고 있다. 지난 3분기 기존 작품 2개를 중국에 판매하면서 매출이 처음으로 발생했다. 작품당 판매 금액은 10억원대로 추정된다. 스튜디오드래곤이 160개의 작품을 보유하고 있다는 점을 고려하면 단순 계산으로 1600억원의 매출이 발생할 수 있다. 넷플릭스가 진출하지 않은 중국은 작품을 추가로 판매할 수 있는 중요한 시장이다.

“

https://n.news.naver.com/article/015/0004471674



[섹터: B+]

현재 국내 주식 시장은 하루에도 두세 섹터를 옮겨 다닐 정도로 섹터 순환이 굉장히 빠름. 그러나 엔터 섹터의 경우 아직은 제대로 조명받지 못한 것으로 보임(대체로 2~3%씩 상승했으나 확실한 수급이 있었다기 보다 불장의 여파를 살짝 받은 듯함). 따라서 아직은 진입에 메리트가 있다고 판단. 또 한한령이 아직은 공식적으로 해제되지 않았지만 조금씩 해제 관련 움직임이 나오고 있는 것도 호재.

“

중국 정부가 최근 한국 콘텐츠 방영을 제한하는 ‘한한령’을 풀어줄 조짐을 보이면서 (여자)아이들이 수혜를 입을 가능성도 제기된다.  

한한령 해제의 움직임은 게임업계에서 먼저 감지됐는데 컴투스는 2020년 12월 ‘서머너즈워:천공의 아레나’로 한한령 이후 첫 외자판호(외국 게임 판매허가)를 받았다. 

비슷한 시기에 중국 베이징시가 운영하는 베이징런민라디오 국제음악채널은 방탄소년단(BTS)의 ‘다이너마이트’를 방송에 내보내기도 했다. 

“



http://m.businesspost.co.kr/BP?command=mobile_view&idxno=212063



이에 더해 중국과 첨예한 대립각을 세웠던 트럼프 정부 2기가 아닌 바이든 정부가 들어서면서 한국도 중국과의 관계에 있어 처신의 폭이 넓어질 가능성이 큼.

다만 2차 전지, 반도체, 친환경 섹터 등에 비해 메리트는 적다고 판단해 B0 부여.



[재무 A+] 

연간 실적, 분기 실적 모두 준수하며 4분기 실적매출 전망 1,377억/ 영업이익 119억으로 전면 동기 대비 흑자 전환이 예상됨. 분기 실적 발표일을 눈여겨 볼 필요가 있음.



[시장 B0]

최근 들어 신규 주식 매매인 유입이 늘면서 자금이 대형주에 쏠리는 현상이 발생. 그 결과 코스닥은 코스피에 비해 큰 주목을 받지 못함. 따라서 단기적으로는 횡보, 장기적으로는 우상향 예상.
"
21-01,티라노,오후,6:34,"<한전기술>


재무 b0 매출은 지속적으로 감소하고 있으나 그속에서 영업이익은 큰 폭으로 증가하고 있다는 점 또한 무디스로부터 신용등급 a2를 받은 것으로 보았을때 실적주로 볼 수 도 있으나, 그것보다 섹터로서 접근해야 한다고 판단했습니다. 



차트a0

코로나로 인해 우하향에서 턴 어라운드를 통해 9월 4일 시세를 한 번 주었고(그 이유는 한전의 태양광 OR 풍력산업 을 할 수 있는 전기사업법 개정안 추진) 이후 조정을 주다가 최근에 다시 12월 28일에 시세를 한 번더 주었음( 그 이유는 내년부터 원료비 원가를 반영해 전기요금을 부과 즉 전기요금 체계 개편) 이후 단기조정으로 20일선 부근에서 자리 잡고 다시 우상향을 하고 있기에 19000 위를 돌파 시도 혹은 그 부근에서 당분간 횡보 할 것으로 예상됨.(하락반등형 차트)



수급 b0 

외인과 개인들이 지속적으로 매입과 한전에 긍정적인 뉴스 이슈로 반등을 시도하고 있다는 점은 긍정적이나, 기관이 지속적으로 매도 포지션을 잡고 있다는 점이 부정적으로 볼 수 있음. 완전한 상승추세를 확인하기 위해서는 월요일 장이 중요할 것으로 판단됩니다. 



섹터 A0 

원전관련기업으로 문정부 에서는 우하향 할 수 밖에 없는 종목이었으나, 4차산업시대에 석탄과 석유만으로 할 수 없기 때문에 요정도 까지 죽여놓고 다음 정부쯤 어느 누가 되더라도 정책수정을 통해 원전을 다시 살릴것으로 예상함. 대선 정책주로 보아도 될 것 같으며 당분간 우상향으로 조금씩 오르거나 횡보 후 큰 시세를 줄 것으로 예상함... 단기투자로는 부적합하지만 장투로는 손색없는 종목으로 판단됩니다. 



시장 B+

코스피 상승세에도 한전기술과 그 계열주들은 그동안 하락한거에 비해 큰 반등을 보여주지 못했음. 또한 코스닥에 비해 코스피가 높은 상승을 보여주었기 때문에 단기적으로 조정이 예상됨 따라서 단기적으로는 횡보 장기적으로 우상향으로 예상됩니다. 
"
21-01,군소,오후,8:07,"<탑엔지니어링>
[수급] B+

목요일에 외인과 기관이 들어오며 큰 상승 나왔지만, 금요일에 다시 매도 포지션으로 접어들었습니다. 하지만 아직 목요일에 들어왔던 외인의 1/3 정도만 빠져나간 상황이라, 차트 상 20일선을 지지선으로 추가적인 하락이 나올 수도 있다는 생각입니다. 다음주 월요일 수급이 중요해 보입니다.



[재무] B0

그리 좋지 않습니다. 다만 PBR(0.85)을 봤을 때, 여타 종목에 비해 저평가되어 있다는 생각이 듭니다. 재무보다는 차트 및 섹터가 유효하다고 생각했습니다.



[차트] A0

목요일에 큰 상승 나왔고 11600선을 저항선으로 삼았습니다. 금요일에 다소 하락했지만 5일선 지켜주었고, 아직 20일선까지도 넉넉히 남아있다 생각합니다. 20일선 지켜준다는 가정 하에 2주 내로 (이번 목요일과 같은) 6~7% 내외의 상승을 기대하고 있습니다. 저항선을 돌파하지는 못할 것 같습니다.



[시장] A-

코스닥 단기 횡보, 장기 우상향 예상합니다.



[섹터] A-

본래 LCD 장비를 주로 생산하는 업체이나, 관련 산업의 지속적인 하락세로 인해 시장의 주목을 받지 못했습니다. 하지만 2차전지 배터리 업체로의 전환이 예상된다는 전망이 공개되며, 작년 8월 7일 1차 급등 이후 3거래일 가량 상승세를 이어갔습니다. (관련 뉴스 아래에 첨부합니다.) 현재는 2차전지 장비 및 반도체 장비 섹터로 분류되며, 특히 반도체주가 연일 상승 흐름을 보이는 시장 상황에서, 그 반사이익이 반도체 소부장에 미칠 수 있다고 생각했습니다.

https://www.hankyung.com/finance/article/2020080987761
"
21-01,호랑이,오후,8:47,"HMM
 

재무 B+ (회복세 A)

HMM은 구 현대상선시절 만성적인 적자에 시달리기도 했으며 특히 코로나19 직후에는 수출 급감에 큰 타격을 입을 것으로 예측되기도 했습니다. 하지만 작년 중하반기부터 운임료가 급상승이 실적에 큰 호재로 작용하며 매출이 급상승할 것으로 예측됩니다. 2020년 2분기 첫 흑자전환에 성공했습니다. 또한 작년 말 불거진 임금협상이 새해 첫 날 극적으로 타결돼 부담을 덜었다는 평가입니다.

 

섹터 A

앞서 언급됐듯 해상운임료의 상승과 더불어 HMM은 한진해운의 자리를 대신해 대한민국 제1의 해운사입니다. 글로벌 경기 회복에 대한 기대감으로 내년 수출도 증가할 것으로 예측됩니다. HMM의 주력노선인 동남아, 유럽항로 운임료가 상승하고 있다는 것 역시 앞으로 매출에 호재로 작용할 여지가 큽니다.

 

다만 주요해운동맹에 아직까지 정식가입이 되지 않은 점, 추가적인 노사갈등이 발생할 수 있다는 점, 달러약세가 수출기업에 부담이 될 수 있다는 점, 미국항로 운임료의 경우 최근 그 상승세가 둔화하고 (유럽항로 1TEU당 $4092 -> $4452 미 서안항로 1FEU당 $4018 -> $4019) 있다는 점은 부담입니다.

 

차트 B

1/4 새해 첫 거래일 임금협상 타결소식과 함께 큰 폭으로 상승(18.64%)해 단기 조정에 들어간 모양새입니다. 작년처럼 60일선의 지지를 받으며 횡보하다가 큰 상승이 나올 수 있을 것으로 생각합니다. 다만 중순에는 60일 선의 지지를 받으며 상승하다가 하반기에는 20일 선의 지지를 받으며 상승하는 추세입니다. 20일 선이 왔을때 대응하는 것이 좋을듯 합니다만  최근 섹터순환주기가 짧아지는 만큼 더 선제적인 대응이 필요할 수 있다고 생각합니다.

 

수급 B

최근들어 외국인 자급이 지속적으로 유입되는 종목 중 하나입니다. 며칠 사이 빠진 물량도 현대차, 삼성전자 등 기타 섹터에 비중을 싣느라 빠진 것으로 파악하고 추가적으로 외국인들이 매집에 나설 여지도 있다고 생각합니다.

 

참고자료

SCFI 그래프 https://en.sse.net.cn/indices/scfinew.jsp

주가차트 네이버 금융

연합뉴스 2020.1.8. “컨테이너선 운임지수 13주 연속 올라…올해 들어 상승폭 둔화” https://news.naver.com/main/read.nhn?mode=LSD&mid=sec&sid1=101&oid=001&aid=0012128977



재무상태표, 손익계산서 www.hmm21.com
"
21-01,호랑이,오후,8:48,사진 4장
21-01,고양이,오후,8:51,"한양이엔지 
반도체/디스플레이 분야에서 초고순도 특수설비에 대한 시공과 유지보수를 하는 기업입니다. 매출비중이 반도체 산업군에서 가장 높기 때문에 움직임이 반도체 주들을 따라가는 움직임을 보입니다. 삼성전자, SK하이닉스, LG디스플레이와 협업하여 설비 신규 설치부터 유지보수를 일임하고 있는 기업입니다. 시공능력평가 순위에서 기계설비공사업 부문 1위 기업이며, 관련시장의 약 40%를 점유하고 있습니다. 반도체주들 공장 증설 이슈가 있을 때 주가가 상승하는 모습을 보여주곤 하여, 반도체에 대한 투자가 늘어날수록 주목받을 수 있는 기업이라고 보고 있습니다.



수급: B-

이전 상승 이후 횡보하는 구간에서 외인들과 기관이 모두 매도하는 중입니다. 개인들의 매수세도 강하지 않아서 상승이 금방 나오기는 힘들 것 같습니다. 코스닥 쪽으로 자금이 돌 때 지켜볼 만 한 종목인 것 같습니다. 

섹터: B+~A0

건설업 쪽으로 평가하는 경우도 있고 반도체 장비주로 생각하는 경우도 있는데, 차트를 보면 반도체 소형주들과 시세를 받는 시점이 비슷합니다. 건설업과 반도체 둘 다 괜찮은 섹터라고 생각하고 있어서 이렇게 평가하였습니다.

재무: S

2019년 같은 분기에 비해 당기순이익이 두 배 이상 증가하였습니다. 매출도 증가하는 추세이고 부채비율도 줄어들고 있습니다. 재무재표 상으로는 굉장히 좋은 종목이라고 생각합니다. 

차트: B+

작년 12월 7일에서 12월 17일까지 상승이 나왔는데, 이 시기에 삼성전자의 오스틴 공장부지 추가매입 뉴스가 나온 것에 의해 상승하기 시작하였다고 보고 있습니다. 이후 조정을 받고 16800원 선에서 저항선이 형성되었는데, 거래량이 다시 터지기 전에는 당분간 횡보라고 보는 편이 좋을 것 같습니다. 

시장: B+

단기적으로 코스피 대형주 위주로 수급이 도는 상황에서 코스닥 기업인 한양이엔지가 당장 시세를 받을 것 같지는 않습니다. 하지만 반도체 소형주 쪽으로 수급이 돌기 시작하면 실적도 좋은 기업인 만큼 상승할 것으로 보입니다. 
"
21-01,호랑이,오후,8:51,"차트 B 항목에 ""작년처럼 60일선"" -> ""작년처럼 20일선"" 으로 수정합니다!"
21-01,팬더,오후,9:09,파일: 코아시아.hwp
21-01,팬더,오후,9:09,파일: 코아시아［045970］TSMC_의_GUC_가_보인다_20200423_Leading_624039.pdf
21-01,팬더,오후,9:16,"<코아시아>


떠오르는 시스템반도체



 



[선정개요]



-https://zdnet.co.kr/view/?no=20210108121720



 정부에서 2021년 3대 산업 지원 과제중 하나로 뽑힌 시스템반도체



-https://www.donga.com/news/article/all/20210105/104767754/1



 이재용 회장도 중장기 프로젝트로서의 시스템반도체를 조명



 



[수급]



 A, A-



 - 수급 전체로 본다면 개인 12월달, 1월달 개인 수급이 엄청납니다. 하지만 연기금도 5개월 간 매집하는 모습을 보였고 최근에도 매수세 매도세가 비슷합니다. 6거래일동안 사모펀드의 수급도 붙었고요. 나쁘지 않아 보입니다.



 20년 12월 30일 코아시아로서는 최대의 수급을 보였습니다. 앞으로의 수급이 기대됩니다.



 



[재무]



 - 20년도 분기별로 봤을 때 20년 영업이익은 적자가 날 것으로 예상한다. 하지만 20년 4월 삼성의 DSP(특히 코아시는 삼성의 파운드리만 이용하는 전용 DSP업체)로 선정되어 본격적 영업을 20년 후반기 혹은 21년 상반기부터 시작할 것이다. PBR도 1.6정도라 기술기업치고는 저평가되었다고 생각한다. 



 최근 타사 지분의 일부를 매도하면서 시스템 반도체 자금을 마련하는 모습을 보였다.



 



[차트]



  지지선과의 괴리율이 있으나 신고가 도전해볼 수 있을 것 같다. A-



- 일봉 상으로 1차 지지선이 9400원, 2차 지지선이 8400원으로 보입니다. 만약 반도체 소형주들이 주목받으면서 큰 수급으로 10700~10800원대를 뚫어준다면 신고가 갱신도 노려볼 수 있는 자리라고 생각됩니다. 12월 30일날 5일선과 20일선이 골든크로스가 일어나면서 큰 상승을 보였고 이 날 거래량도 터졌습니다. 5일선타고 예쁘게 상승하는 모습이 보이고 5평선과 크게 괴리감을 보이지 않아 자리도 나쁘지 않은 것 같습니다.



 



[시장&AMP;섹터] 



 섹터는 SS를 주고 싶으나 반도체 섹터내에서도 키 겨루기가 있을 것 같아 A+ or A



 -분석해주신 것처럼 반도체와 2차전지 장세로 흘러가고 있습니다. 본래는 컴투스 모회사 게임빌에 대해서 분석해볼려 했는데 당장의 먹거리는 반도체, 2차전지로 보여 그 종목 중 하나를 선택하게 되었습니다. 이번 주말에도 



https://www.mk.co.kr/news/business/view/2021/01/25898/ 이런 기사가 나오면서 파운드리 중심으로 갈 것 같은 장세임에도 테마를 타면 확실히 주가를 상승시키는 시장세가 보이기에 분석해봤습니다.



 시가총액이 2,700억원대 밖에 안되어 시장의 주목을 받는다면 큰 상승세를 보여줄 것 같습니다. IR자료에 5나노, 7나노의 EUV공정 프로젝트가 진행중이라고 발표되었는데 대부분이 삼성전자 파트너로서 수주받은 것으로 보입니다.(따로 기사를 낸 적이 없네여.) 올해는 직접 수주한 대형프로젝트들이 나오지 않을까 싶습니다.



 1월 7일에도 하나텍과 시스템반도체 기술 및 사업협력 모델 구축



(http://www.newspim.com/news/view/20210107000495) 기사가 나왔는데 200명이던 엔지니어를 3배가량 늘린다고 합니다. 사업확대가 더 기대되는 부분입니다.



 
"
21-01,펭귄,오후,9:57,"<아프리카TV>
-리스크: 코로나 백신을 맞는 일정이 갑자기 앞당겨지거나 저번처럼 국감 등에서 논란이 되면 주가가 빠질 가능성..



[수급]

외국인 수급에 따라 주가가 움직이는 경향을 보이는데 12월에 연이은 매수가 있었음. 



[재무]

꾸준히 성장하고 있다. 3분기에 서프라이즈를 기록했는데 

BJ들 간에 서로 구독자를 늘려주고 새로운 BJ를 발굴해 시청자들에게 소개하는 구조가 매출 증가에 도움이 되고 있음. 또한 꾸준히 신입사원을 공개채용하고 있으며 얼마 전 나온 기사에서 12월 연말 별풍선 선물 규모가 더욱 커졌다는 멘트가 있었습니다,

""아프리카TV에서 한달에 오가는 별풍선 규모가 웬만한 중소기업 연매출 보다도 높은 것으로 나타났다. 지난 12월에만 약 400억원이 넘는 별풍선이 수백명의 BJ에게 선물됐다. 특히 연말 별풍선 선물 규모가 더욱 커졌다.""



광고 매출액도 3분기부터 회복했고 최근 시작한 스트리밍 내 플랫폼 광고로 인해 없던 광고 매출액이 생겼다는 것도 실적 전망에 긍정적인 점.



[차트]

12월부터 다시 우상향하고 있고 외국인들 수급과 맞물린 모습입니다. 단기적으로 60000-62000 사이에서 갖혀 있어 외국인 수급을 모니터링해야 할 듯.



[섹터]



최근 알게 되어서 인터넷과 미디어 중에 어느 섹터에 들어가는지 정확히는 모르겠음. 미디어 섹터에서 큰 상승이 최근 있었고 리레이팅이 되고 있고 인터넷과 게임 섹터에서 대형 기업들이 지속적으로 성장하고 있다는 것은 긍정적이라고 볼 수 있을 것 같다. 실적과 맞물려 온기가 퍼지지 않을까 기대는 할 수 있을 듯. 
"
21-01,흰수염고래,오후,10:42,"코스닥의 공무원


-저에게는 정말 꾸준한 수익을 안겨다준 종목입니다



Nice 평가정보 (030190) 코스닥



간단 설명 : 동사는 기업정보 제공 및 컨설팅, 개인신용정보, 자산관리부문에서 수익을 창출함.

개인신용정보사업 및 기업정보사업 성장세가 지속되고 있고 개인신용정보사업에서는 기존 사업영역 지배력 강화 및 신규시장 발굴에 노력하고 있음.

동사는 채권회수 대행 등의 자산관리사업과 개인신용정보 및 솔루션 관련 매출이 전체 사업의 대부분을 차지함. 국내업체 중 유일하게 개인신용정보와 기업신용정보 사업을 모두 영위함.



[수급] B+ ~ A-

    - 유럽의 투자 거장 코스톨라니는 주식 값이 오르면서 거래량이 많아질 경우 ""소신파""에게 주식이 팔려 급격한 변동성이 없어진다고 이야기하였습니다. 실제로 이 주식은 2019년 9월 이후로 거래량이 증가하며 2020년  3월경 하루 거래량 1,642,386,주를 찍은 후  높은 양의 거량을 유지하고 있습니다. 하지만 '기타 서비스', '상업 서비스 와 공급품 섹터' 자체가 현재 주목을 받지 못하고 있습니다. 거래량 자체가 늘기는 했지만 매우 많이 늘어난 것은 아닙니다. 하지만 현재 하나카드와 나이스 평가정보가 빅데이터 공동 사업을 추진하고 있으며 ""신한금융투자는 13일 NICE평가정보(030190)에 대해 “마이데이터 사업자가 원하는 신용정보를 보유하고 있어 호재만을 기다리는 상황”이라면서 목표주가를 2만4000원에서 2만7000원으로 12.5% 상향 조정했다. 지난 10일 종가는 2만1000원으로 상승 여력은 28.0%나 된다. 시가총액은 1조2811억원이다. 투자의견은 ‘매수(BUY)’를 유지했다.""와 같이 현재 빅데이터 산업과 연관되는 경향을 보입니다. 아직 수급이 크게 들어온 적은 없지만 빅데이터 관련 수급(신용점수평가제/12월 28일 30% 상승)이 들어와준다면 상승력이 더욱 강해질 수 있다고 생각합니다.  

 



[재무] A 0



 - 채권회수 대행 등의 자산관리사업과 개인신용정보 및 솔루션 관련 매출이 전체 사업의 대부분을 차지함. 국내업체 중 유일하게 ""개인신용정보와 기업신용정보 사업을 모두 영위함"". 2020년 재무제표 기준, 9월달 분기 실적은 예상치를 훨씬 뛰어넘은 어닝 서프라이즈를 기록하였습니다. 주요 수익은 전환사채(	CB)를 통해서(65%)나왔습니다. 사진을 보면 아시다시피 매출액은 연도를 걸쳐 지속적을 증가해왔으며 현재 베트남쪽으로도 진출(기업 개요에서 나이스 베트남 법인 설립은 확인)을 노리고 있는 것을 보면 포화된 한국 시장을 나와서 세계화를 노리고 있는 것으로 보입니다. 블루오션인 베트남을 개척하게 된다면 매출액의 폭팔적인 성장이 기대됩니다. 



 



[차트]



  그 동안 가격이 많이 올랐다. 잠깐 쉬어갈수도..  

 B +



- 일봉 상으로 1차 지지선 21000, 2차 지지선  17000원이 확인됩니다. 매물대 차트 상으로는 19900원대에서 확실한 지지를 해줄 것으로 예상이 됩니다. 장중 한때 하락폭이 컸었습니다만 반등폭도 만만치 않게 나오고 있는 모습입니다. +권으로 반전하자 오히려 더 강하게 매수세가 유입되는 느낌이 들었는데요, 강세흐름 무난하게 이어진채로 마감하였습니다. 분봉상 단기 중기 모두 양호합니다. 분봉 정배열 상태에서 서서히 거래량을 붙이고 있어 한번 단기적으로 짧은 상승을 기대해 볼 수도 있겠습니다.







또한 최대 지주인 NICE홀딩스가 전체 주식의 50%를 보유하고 있습니다 유통되는 주식이 54% 정도이니 이 부분도 주의깊게 볼 부분인것 같습니다



또한 다트에서 확인되는 등기이사 보수 총액도 한 살마당 1억 5천 정도로 이사들이 부당하게 많이 챙겨가지도 않습니다. 또한 신주교부, 자기주식교부, 차액보상등을 통해 올해 임원들이 40,000주씩 부여받은 것도 회사에 대한 책임감이 부여될 수 있지 않나라고 생각합니다.



제가 이 종목으로 주식을 첨 시작하기도 했고, 주식에 대해서 많은 것을 느낀 종목이라 좀 주관적인 점 양해부탁드립니다...
"
21-01,흰수염고래,오후,10:43,사진
21-01,흰수염고래,오후,10:43,사진
21-01,흰수염고래,오후,10:44,사진
21-01,흰수염고래,오후,10:44,사진
21-01,🐘,오후,11:30,"나노신소재
양극재에서는 이제 먹을것 떨어졌다! 차세대 음극재는?



설명

양극재로는 니켈의 함량을 높인 하이니켈 양극재를 개발하는것이 큰 안건이었습니다. N(니켈), C(코발트), M(망가니즈)를 적절한 비율로 섞어서

배터리의 에너지 밀도와 출력 및 용량을 늘리는 것이 가장 큰 안건입니다. 이에 관해서 LG화학의 최대 경쟁사인 CATL과 잠시 비교하자면 여기에서는

LFP (리튬인산철) 배터리를 사용하여 에너지밀도는 비교적 낮지만 매우 저렴한 배터리를 사용하고 있습니다. 그럼 음극재에서는 미래 어떤 재료가 유망한가.

이에 대해서는 실리콘 음극재와 CNT(탄소나노튜브)를 적용한 도전재, 그리고 리튬메탈이 있겠습니다.

이중에서 나노신소재는 CNT도전재에 강점을 보이는 회사입니다. 간단하게 설명하자면 CNT 도전재를 사용함으로서 양극, 음극재를 더 넣을 수 있어 배터리 용량을 늘리는 기술입니다.



양극 음극 도전재 모두 나노신소재가 국내탑이며 음극 도전재를 생산하는 것은 이 기업밖에 없습니다. 이에 대해 매우 높은 경쟁력을 주고 싶습니다.  

  



[수급]

B

11월 3, 5일 4.25%까지 있었던 외국인 보유율이 해당일에 12%, 9% 급등하면서 그 이후 줄어들어 현재는 보유율 1%대에 머무르고 있습니다.

거래량 많지 않다가 한번씩 급등하는 날에 거래량 많아지는 것으로 보아 세력이 존재하는 기업이지 않나 합니다.



[섹터]

S

바이든 친환경 정책, 유럽 저탄소 정책과 더불어 테슬라 떡상에 힘입어 함께 메인 스트림으로 올라오고 있는 2차전지 섹터입니다. 

2차 전지에서도 양극재, 음극재, 동박, 분리막, 전해질등 섹터가 많은데 앞으로 가장 큰 변곡점이 될 음극재에 관여하고 있고 

대채제가 없다는 점에서 좋게 보있습니다. 



[재무]

B

2018년 매출액 522억

2019년 매출액 489억

2020.3Q 매출액 458억

으로 영업이익과 함께 줄어들고 있습니다. 시가총액은 4000억에 부채비율은 15%로 그럭저럭인 재무구조를 가지고 있습니다.

보면서 신기하게 느낀게 업종 평균 PER이 65인데 이 기업은 PER이 200으로 미래 기대를 많이 안고 여기에서 반영되고 있다고 보여집니다.

앞으로 미래 시장을 내다보아 B 평가하였습니다. 



[차트]

B+

현재 가격 38800원으로 아직은 조금 고평가되어있지 않나 싶습니다. 앞으로 시장이 유망해 보이지만 그렇다고 바로 당장 수급이 들어올것 같지는

않습니다. 가격이 조금 더 눌린다면 구매할 의향 있습니다. 



[시장]

A

코스닥 199위 기업입니다. 하이투자증권에서는 CNT 도전재 시장 규모를 연평균 216% 성장률로 2025년 2.2조로 급격히 성장할것으로 내보았습니다.

이러한 점과 섹터에 힘입어 높은 점수를 주고 싶지만 코스닥 하위에 위치해있는 기업이어서 A 평가 남기겠습니다.



(이번에는 기술적으로 접근하여 보았는데 파고보니 투자적으로는 조금 거리가 있지 않나 생각됩니다)
"
21-01,사막여우,오후,11:31,"<삼강엠앤티>
[수급] A-

기관, 외인 중 기관 수급이 좋은 편입니다. 

기관은 11월부터 수급이 좋은 편이었습니다.

연기금도 11월부터 계속 매집해 온 움직임이 있었고

외인 수급은 인상적이진 않지만 나쁘지도 않은 것으로 보입니다.



[재무] B+

매출액이 2019년에 급상승했고 올해도 상승추세에 있습니다. 영업이익은 올해 드디어 흑자 전환에 성공했습니다.

PER은 35.85, PBR은 0.93에서 5.08으로 1년만에 급상승, 부채비율 약 171%입니다.

조선 해양 업종에선 다른 기업들과 시가총액/매출액 등에서 너무 큰 차이를 보여 동일업종 내 PER 및PBR비교가 쉽지 않으나 과한 고평가/저평가는 아닌 것으로 보입니다.



[차트] A-

5일선 지지를 받으며 상승추세에 있고

ATH을 9월 7일에 23,500원을 찍은 후 1월 6일에 23,600을 터치 후 현재 5일선 지지 중으로 보입니다. 5일선 지지가 잘 지켜지는지, 그리고 전고점을 시원하게 뚫고 올라가는지 확인 필요합니다.

다만, 올해 주가가 12배 이상 오른 만큼 고평가 여부에 대한 주의가 필요합니다.



[시장] A

대장주는 아니지만 아시아에서 하부구조물 제조 기술력, 원가 경쟁력, 대형 생산시설을 모두 갖춘 업체는 삼강엠앤티가 유일하다고 합니다. 이를 바탕으로 아시아 지역 내 신규 해상풍력 프로젝트에서 경쟁력 있어 보입니다.

최근, 해상풍력 선진국인 유럽시장(영국 프로젝트)에 진출한 만큼 추가적인 성장 모멘텀이 있습니다.



[섹터] A+

블루웨이브, 그린뉴딜 수혜 섹터입니다.

태양광과 전기차 쪽으로 아직은 시장 관심이 쏠린 것 같지만 풍력 섹터도 모멘텀이 아직 있는 것으로 보입니다.

풍력 뿐만 아니라 조선업도 2021년 호황이 기대되는 상황이어서 섹터를 긍정적으로 보았습니다.
"
21-01,푸른바다거북,오후,11:51,"이루다(164060.KQ) 


2006년 12월 설립. 2020년 8월 상장.

레이저 기기, 고주파 기기, 접속 초음파 기기 등 피부과 및 성형외과 분야의 에스테틱 기기 제조/판매.

에스테틱 기기 외에도 치과/안과용 제품 라인업 보유.

2019년 기준 매출 비중: 해외 78.3%, 내수 21.7%

현재 시가총액: 1150억원



○차트/수급



차트: B

상장 후 반년도 지나지 않아 기술적 분석 난해.

그러나 최근 20일선이 60일선을 돌파했고, 5일선과의 괴리가 크지 않은 점, 12000원 이상에서 계속 지지받은 점으로 인해 B 부여.



수급: B+

기관계 6거래일 연속 순매수.

12월부터 물량이 개인에서 기관/외국인에게 넘어가는 흐름이라는 점에서 B+ 부여



○재무/실적



재무: A

부채비율이 소폭 증가하는 추세이나 60% 후반선으로 위험요소는 적음.

사내 유보율이 점점 증가하는 추세.

특히 3년간 투자활동 지출이 큰 폭으로 증가했음에도 불과하고 현금 순유입이 유의미하게 증가했다는 점에서 A 부여.



실적: B+

17년부터 19년까지 매출액과 영업이익, 당기순이익 모두 꾸준하게 증가하는 추세.

그러나 2020년 3분기 기준으로 전년 동기 대비 약 10% 하락.

COVID-19로 인한 에스테틱 수요 감소로 인해 큰 폭의 하락이 예상되었음에도 불구하고 실적이 우려만큼 저조하지 않았다는 점에서 B+ 부여.

※ 참고) 동종업계 클래시스의 경우, 전년 대비 매출 하락 폭은 5% 이하, 영업이익과 당기순이익은 상승 전망.



○시장/섹터



시장: A-

단기 조정의 우려는 여전히 상존하지만 현재 유동성과 시장 흐름을 보면 머지 않은 시일 내에 코스닥 1000 돌파는 예정된 일이라고 생각하여 A- 부여.



섹터: B-

코스닥 시장의 전망과는 별개로 헬스케어, 그 중에서도 의료기기 섹터가 주목받기 위한 뉴스가 터질 가능성은 낮아보임.

특히 다수의 의료기기 기업이 코로나로 인한 실적 부진 혹은 기대치 하향을 겪었다는 점에서 전년 실적 발표가 큰 호재로 작용할 것 같지 않아 B- 부여.



○리스크



클래시스의 슈링크처럼 뚜렷한 히트상품이 없음.

국내 시장 점유율 7% 선으로, 매출의 대부분을 해외에 의존하고 있다는 점에서 언제든지 글로벌 경쟁력이 도전받을 수 있음.

수명이 긴 의료기기 사업을 영위한다는 점에서 시장 성장만큼 실적이 나타나지 않을 수 있음. (기기 사용에 따른 소모품 교체로 인한 매출이 사측 예상만큼 크지 않을 수 있기 때문)

6개월 의무확약이 2월 5일 종료됨에 따라 일시적으로 매도물량이 쏟아질 수 있음. (해당 주식 수 10250주)



○의견



쭉 읽어보셨다면 이렇게 부정적인 말들만 써놓고 이게 추천이냐고 의문을 가지실 수도 있습니다.



그러나 첫째, 재무 상태가 안정적이라는 점

둘째, 상장 당일을 제외하고는 지금까지 큰 상승이나 하락폭을 보여준 적이 없다는 점

셋째, 코로나 종식 수혜주로 주목받지 못하고 있다는 점

넷째, 고령화 시대가 다가올수록 더욱 전망이 좋아질 것이라는 점

이 네 가지 이유를 바탕으로 추천드리는 종목입니다.



특히 종목 선정의 이유에 세번째와 네번째가 가장 크게 작용했습니다.

많이들 알고 계시는 오스템임플란트와 클래시스의 경우, 2020년 실적이 코로나로 인해 기대만큼 나타나지 않아 의료기기 업종의 대표적인 코로나 수혜주로 거론되었습니다.

그러나 클래시스의 경우 이미 2019년의 주가 수준을 회복하였고, 오스템임플란트의 경우에도 작년 하반기에 적지 않은 상승을 보여주었습니다.

반면, 이루다의 경우 하반기 내내 박스권을 벗어나지 못하고 옆으로 횡보하는 모습을 보여주고 있습니다.



또 아직 에스테틱 분야에 대한 시장의 관심이 그 성장가능성만큼 크지 않다고 생각합니다.

아니 정확히 말하면 보톡스만큼 레이저 기기에 대한 관심도가 높지 않다고 말하는게 옳겠습니다.

보톡스는 장기간 투여하는데 한계가 있고 임플란트는 주로 노령자를 대상으로 하지만 피부과 에스테틱은 연령대를 불문하고 모두가 잠재적 소비자입니다.

청소년층에게는 여드름, 청년층에게는 흉터/색소침착/미백, 중장년층에게는 주름/잡티 등 대상 소비자군이 매우 넓다는 점에서 큰 메리트가 있다고 생각합니다.

나날이 커지고 있는 뷰티 산업과 의료 산업 양측의 수혜를 모두 받을 수 있는 업종이 바로 에스테틱 업종이 아닐까 싶습니다.

장기 보유할만한 주식으로 추천드립니다.
"
21-01,오리,오전,12:38,"NHN한국사이버결제
[수급] 

외국인 순매수 상위 20에 듦 (외국인 순매수 9,051) 같은 시기 개인 순매도 8,331

기관보다는 외국인이 매수를 많이 함



[재무] A

PER 2018년 15.5에서 2019년 20.77로 상승

부채비율 140%에서 변동 없음

현금 중 영업에 쓰이는 비중이 제일 많은데, 영업 이익율 증가 추세

경쟁사(KG이니시스,KG모빌리어스)와 비교했을 때 시가총액, PER 월등히 높음



[차트] B

코스피 3000돌파 시기에 같이 급상승해 7만원까지 올랐으나 지금은 다시 이전 가격과 비슷한 66유지

거래량은 260,000 정도를 유지하고 있음

12/28에 평소 거래량보다 2배 거래됨(단기 골든크로스), 외국계 매수 유입



[시장] A

온라인 결제 시장 전망이 매우 좋고, 현재 NHN은 해외 결제 서비스 부문 국내 1위라 더 성장할 것으로 보임, 2020년 코로나 언택트 시대에 급 성장

구글/구글 플레이에 결제 서비스 제공하며 영향력 확대
"
21-01,기린,오전,12:42,"<종목:에이치엘비>


신항암제 '리보세라닙📷'의 전 세계 판권을 갖고 있는 신약개발 회사. (시총은 5조 1천억이고 미국, 스위스 등에 자회사를 갖고있는 규모있는 회사이다.) 매출 흑자 전환이 미처 못된 회사이나, 호재가 연이어 나오고 있는 회사로서 장기투자 종목으로 추천 함.



[수급:b]

01.08(금)기준 외인 수급이 있었으나, '메릴린치(초단기적 매매 거래원)'의 매매로, 유의미한 수급이 아님.



[재무:b-]

초기 신약 개발 회사 특성상, 투자금을 매출이 넘지 못하는 상황임(현 시점으로 매출, 이익 모두 평가의 의미가 없다고 생각함.). 안전성은 높음. (부채율이 높지만(91.6%) 유보율 또한 높은 편(1,770%). 시총도 5조 이상.)



[차트:b]

2020.09. 큰 폭 상승 이후, 한달 간 주가 하락. 그 후 지금까지 엄청난 횡보 중. 지수 상승 대비 주가📷가 거의 오르지 않았기 때문에 중장기적으로 주가 상승여지가 있다고 봄. *작년 9월 주가 급등 이유:항암제 '리보세라닙'을 개발한 폴 첸 박사로부터 '리보세라닙' 중국 판권 계약을 맺음.(이후 리보세라닙은 중국내 제 1의 제약회사인 '항서제약'에서 항암제로 쓰임.)





[시장:s]

올해 국내 및 중국에서 파이프라인이 탄탄함. 국내에선 '리보세라닙'을 활용한 치료법으로 NDA가 곧 진행될 예정이며(위암), 기타 암질환과 뇌종양 등 여러 임상결과 발표 일정📷이 있다. 며칠 전 중국에선 간암 항암제로 '리보세라닙'의 시판 허가가 나기도 함. 



[섹터:b]

바이오주이면서 조선 관련주이다. (항간에선 자회사인 '이뮤노믹'이 코로나 치료제를 개발할 거란 기대도 있다. 또한 설립 초기에 선박 및 조선 기자재를 주력으로 하던 기업이었고 지금까지도 선박 사업도 병행중이다. 미약하지만 선박 경기 상승 효과도 누릴 수 있을 것이다.)
"
21-01,기린,오전,12:42,사진 6장
21-01,라이언,오전,12:45,"<HDC현대EP>
 *명신산업과 함께 차량경량화 테마에 속한 회사입니다. 자동차 내/외장재에 사용되는 엔지니어링 플라스틱이 주요 사업부문입니다.



[수급] A-

 최근 6개월 간 외인 수급이 좋은 편입니다. 그에 비해 기관은 매도 포지션을 잡고 있지만, 1월 8일 사모펀드의 큰 매수세가 들어왔으므로 매수포지션으로의 변경 가능성을 염두해 둘 수 있습니다.



[재무] A0

 매출이 작년에 비해 감소하는 모습을 보이지만 이는 자동차에 사용되는 PP부분이 아니라, 건자재에 사용되는 PS사업부의 매출 축소로 기인함. 매출은 감소했지만 매출원가(PS의 원료가 되는 원유가격의 하락)가 크게 감소하여 영업이익은 증가했으며 영업이익율 역시 증가함.

 PBR은 0.69, PER은 16.12 수준으로 재무적 가치는 상당함.



[차트/기술] A-

60일선의 지지를 받고 우상향하는 추세를 보이고 있습니다. 1월 8일 전고점 부근에서 매물대에 맞고 하락하고 있지만, 매물대 대부분이 소화된 것으로 보이고 전고점 수렴해가며 다음주에 고점돌파할 수도 있을 것으로 보입니다. 60일 선 지지가 강하기 때문에 하락시 60일 선 부근에서 진입하면 좋아보입니다.



[섹터]A+

명신산업의 상장이후 큰 상승을 보시면 알다시피 시장이 차량경량화의 중요성을 인지한 것으로 보입니다. 향후 전기차, 수소차의 장거리 주행을 위해선 연비개선이 필요한데 여기에는 차의 경량화는 필요조건입니다. 지속적인 시장의 관심이 있을 것으로 보입니다.
"
21-01,삵,오전,5:46,"<에코마케팅> 
[재무]

2018년부터 2020년까지 매출액 증가율은 2018년 157%, 2019년 79%, 2020년 69%를 기록했고 순이익 증가율은 2018년 110%, 2019년 108%, 2020년 82%를 기록했습니다. ROE도 11%에서 46%까지 상승했습니다. 부채비율은 30% 내외에서 오르내리고 있습니다.

12월 7일 DB금융투자에서 발표한 리포트에 의하면 2021년 잠정치를 살펴보면 매출액 증가율은 33%, 11%에서 그칠 것으로 예상됩니다.

그러나 최근 12월 30일 에코마케팅 대표와 레깅스 및 요가복 사업체인 안다르 대표 간의 40억 규모 주식 교환이 성사되면서 새로운 사업을 시작한 것으로 보입니다. 따라서 현 사업의 성장성에 안다르 관련 사업까지 +@를 하면 DB금융투자 리포트의 잠정치를 웃돌 것으로 예상됩니다.





[차트와 수급]

코로나로 폭락 후 2020년 3월 7,750원부터 부터 큰 조정 없이 9월 3일 최고점인 33,150원을 찍었습니다. 이후 반등 없이 11월 13일 21,750원으로 최저점을 찍고 다시 12월 3일부터 꾸준히 상승하여 12월 30일 30,200원으로 고점을 찍었습니다. 그 뒤로 다시 주가는 하락하여 현재 1월 8일 기준 종가 28,150원을 기록하고 있습니다. 

에코마케팅의 경우 매 분기마다 어닝서프라이즈를 기록하며 급격한 주가 상승을 이루었는데, 9월 초 최고점을 찍고 하락한 이유는 성장 모멘텀에 한계가 있다는 시장 평가가 지배적이었기 때문입니다. 실제로 증권사 리포트를 보면 2020년 4분기부터는 역성장을 피할 수 없을 것으로 예상되었습니다.

그러나 재무 파트에서 언급한 것처럼 12월 30일 안다르 대표와의 40억 규모의 주식 교환이 성사되었고, 기관은 12월 9일부터 꾸준히 물량을 매집(기관 순매수 66만주) 했으며 기사 발표 후 수익 실현을 하면서 조금씩 매도세(기관 순매도 6만주)로 돌아서고 있는 상황입니다. 당분간 수익 실현 물량이 꽤 나올 것으로 예상됩니다.   

 

[섹터]

에코마케팅은 스타트업 회사의 제품을 광고하는데 최적화된 퍼포먼스 마케팅을 중심으로 사업을 성장시키는 회사입니다. 에코마케팅 같은 기업을 ‘미디어 커머스’ 기업이라고 하는데 미디어+커머스를 일컫는 말로 광고와 제품 판매를 동시에 수행하는 기업을 뜻합니다. 에코마케팅 역시 광고 수익과 제품 판매 수익으로 수익을 내는데 제품 판매 영역이 지금까지 에코마케팅이 폭발적인 성장을 이룬 동력이라고 할 수 있습니다. 지금까지 에코마케팅이 지분을 사들여 자신들만의 퍼포먼스 마케팅 기법을 적용하여 판매 실적을 올린 아이템으로는 클럭 마사지기, 센스맘 매트리스, 오호라 젤네일, 몽제 매트리스가 있습니다. 이중 오호라 젤네일은 일본에서 크게 히트하며 젤네일 분야에서 독보적인 입지를 다지고 있습니다.

미디어 커머스는 유튜브나 아프리카TV처럼 개인 방송이 발달함에 따라 소비자들에게 광고를 노출시킬 수 있는 채널이 다양해지면서 성장한 분야입니다. 앞으로도 개인 방송의 영향력은 증가하면 증가했지 감소하진 않을 것이기 때문에 충분히 매력 있는 분야로 여겨집니다. 에코마케팅은 국내 미디어 커머스 분야에서도 이미 상당한 입지를 다진 회사로 나름 마이너한 섹터에서의 대장주라고 할 수 있겠습니다.

  

[코멘트]

에코마케팅은 계속해서 새 아이템을 찾아 업체의 지분을 사들여 직접 마케팅하고 판매하여 수익을 내는 회사입니다. 멈추지 않고 꾸준히 새 아이템을 발굴하여 덩치를 불린다는 점에서 주주들에게 매력적으로 다가옵니다. 

그러나 에코마케팅이 퍼포먼스 마케팅에 일가견이 있고 여러 업체의 지분을 사들여 성공적으로 마케팅한 것은 사실이지만 최근의 퀀텀 점프는 오호라 젤네일의 성공에 있습니다. 따라서 새 사업인 안다르와의 협업이 얼만큼의 성과를 낼지 지켜봐야 할 필요가 있습니다.

혹시 관심이 생긴다면 단기적으로는 현재 안다르와의 협업에 대한 기대감으로 몰린 사람들의 차익 실현 매물이 해소 되었는지, 장기적으로는 안다르의 매출 추이가 어떻게 되는지 지켜보시면서 들어갈 타이밍을 잡아보시는 것도 좋겠습니다. 
"
21-01,벵갈고양이,오전,9:17,"<와이지엔터테인먼트>


다들 낯설진 않으실 연예 기획사입니다. 개인적으로도 엔터주는 외적인 위험요소가 워낙 많은 분야다 보니 그리 선호하진 않는데,  주요 호재가 여럿 겹쳐있는 시점이고, 엔터주로 수급이 아직 크게 오지 않은 점 고려하여 한 번 공부 겸 분석해보았습니다..!



[주요 호재]

1. 네이버와 우호관계

네이버와 와이지는 상당한 우호관계에 놓여 있습니다. 얼마 전 '와이엔컬쳐앤스페이스'라는 합작회사를 설립한 사실이 발표되기도 했고요. 네이버 창업자의 아들이 현재 와이지에 소속되어있기도 합니다(블랙핑크 'Lovesickgirls' 뮤직비디오의 남자 주인공입니다). 

엔터 기업은 필연적으로 언론사와 우호적일수록 유리합니다. 그리고 제 개인적인 의견이나, 현 시점에서 가장 영향력이 큰 언론사는 지상파도, 조중동도 아닌 '네이버'인 것 같습니다. 단순히 기사를 쓰는 것이 중요한 것이 아니라 그 기사를 어디에 배치하냐가 주는 파워가 더 강력하기 때문이죠. 네이버와 매우 우호관계인 점은 엔터 기업으로서 분명한 강점입니다.



2. 한한령 해제

대부분의 엔터주가 함께 공유하는 호재이기 때문에 큰 설명은 드리지 않아도 될 듯 합니다. 와이지도 이에 직접적인 혜택을 누릴 것으로 보이는데, 이미 블랙핑크의 멤버인 '리사(태국인 멤버)'가 중국 오디션 프로그램 멘토 출연이 지난주 발표되기도 했습니다. 한한령이 점차 해제되면서 이 종목에 대한 관심도도 크게 올라갈 것으로 보입니다.



3. 지드래곤, 블랙핑크 솔로

지난해 11월 지드래곤이 컴백 준비를 하고있다는 기사가 발표되었는데요, 정확한 컴백시점이 정해지진 않았으나, 올 상반기엔 할 가능성이 높아보입니다. 워낙 파급력이 큰 연예인이니 그 소식만으로도 시장이 반응할 가능성이 큽니다.

지난해 서구권에도 인지도를 매우 키운 블랙핑크도 각 멤버들의 솔로 활동이 준비되고 있다고 합니다. 리사, 로제의 솔로가 준비중이라는 기사가 지난주에도 발표된 바 있습니다.



[수급] A-

외인들의 수급이 나쁘지 않은 편 입니다. 한 번씩 대량으로 수급 들어오는 경우가 꽤 있습니다. 이 분석 처음쓰던 목요일만 하더라도 매도세였는데, 금요일에 갑자기 대규모로 매수가 들어왔네요..;;



[재무] A-

지난해 분기별 실적을 살펴보면, 코로나임에도 오히려 상승세를 띈 것을 볼 수 있습니다. 매출액, 영업이익률, 부채비율 등 주요 지표 모두 호성적을 거두고 있는데, 작년 블랙핑크가 해외에서 성공한 것이 주요하게 작용한 것으로 보입니다. 



[차트] B+

제가 차트 보는 법이 많이 부족해 분석에 자신이 없습니다만, 대략 42,000~44,000에서 일종의 지지선 혹은 저항선이 생긴채로 횡보하는 중입니다. 물론 지난 금요일 처럼 대규모 수급이 들어오면 다소 상승하는 모습 보이네요. 다만, 주요 호재들이 실현되고, 본격적인 수급 들어오면 5만원대는 쉽사리 도달할 것으로 보입니다.



[시장] A-

엔터주들이 대부분 코스닥에 위치해 있고, 와이지도 대장주까지는 아니지만, 일반인에 인지도도 높고 시장에서 어느정도 높이에 있는 기업이라고 봅니다. 엔터주 수급 들어오면 혜택볼 수 있습니다.



[섹터] B+~A0

단기적으로는 B+ 주고 싶습니다. 엔터주가 단기간 내에 수급이 들어올지는 다소 의문입니다. 워낙 굵직굵직한 다른 섹터들이 많으니까요..ㅎㅎ 다만, 장기적으로는 앞서 말씀드린 한한령 해제 등 주요 호재가 많은 섹터이기때문에, 분명히 각광받을 시점이 있으리라 봅니다. 
"
21-01,용,오전,11:07,"<엠씨넥스>
[시장 : A-]

장기 상승, 단기 조정 예상했으나 대형주 위주로 강한 상승이 나오면서 중소형주 위주로 자금이 옮겨갈 것이라 예상 / 셀트리온헬스케어 등 강세 예상으로 코스닥 시장이 조정이 오지 않을 가능성 유



[섹터 : A-]

카메라 부품 생산 등 자율주행차 기술에 필수

-> 자율주행 관련주 편입

자율주행 섹터는 현대차와 애플의 애플카 공동 개발 소식으로 올랐으나, 아직 초기단계라는 점에서 장 후반에 빠지는 형태를 보임

허나 핸드폰 카메라 등 여러 테마에 포함될 가능성이 있으며, 자율주행의 테마는 다시 올라갈 여지가 있다고 판단



[재무 : A]

흑자 전환 한 이후 eps가 꾸준히 증가하고 있으며 per도 그리 높게 느껴지지는 않음

앞으로 성장 가능성이 높다는 점에서 A라 판단



[수급 : A-]

12월 23일 기관, 프로그램 등 큰 수급 들어온 이후 평균 거래량 상승

1월 8일 개인으로부터 차익실현 물량 나오고 이를 외국인, 기관, 프로그램 등이 다 받아냄 - 다음주 기대할 수 있음



[기술 : A-]

오랜 시간 박스권에서 횡보하다 돌파하는 움직임을 보이고 있음. 전고점을 뚫으려는 모습을 보이고 있는데, 윗꼬리 단 음봉을 보였으나 아랫꼬리도 길기에 상방, 하방 모두 가능성은 존재. but 수급을 생각했을 때 뚫을 가능성이 높다고 판단 (시간외에서 2% 상승으로 이미 전고점 뚫음)
"
21-01,용,오전,11:09,사진 3장
21-01,왈라비,오후,12:14,"LS Electric


재무 A-

매출과 영업 이익이 감소하고 있으나 신사업 성장으로 회복 국면 기대됩니다. 전선 국내 1위, 세계 3위로 매출의 70%를 꾸준히 지키고 있습니다. 전력인프라 뿐만 아니라 자동화 솔루션, 신재생 에너지, 수소연료전지 발전시스템까지 그린뉴딜 정책의 핵심 요소를 포괄하는 섹터로 판단했습니다. 최근 키움에서 목표주가를 8만 5천원으로 상향 조정하였습니다.



차트 B+

사업 다각화에 따라 꾸준히 우상향하며 태양광, 철도 신호 시스템, ESS(에너지 저장 장치) 등의 이슈가 떠오를 때마다 정책 수혜 기대감으로 반등하는 모습을 보였습니다. 1월 7일, LS electric과 수소연료전지 MOU를 맺은 현대차가 애플과 손잡는다는 뉴스로 13.9% 상승했습니다. 6만원으로 20일선 지지하고 있습니다. 



수급 A-

외인과 기관의 전폭적 매도 후 그만큼 매수하는 패턴을 보입니다. 비록 개인이 꾸준히 매도하고 있어서 전고점 돌파는 불가했지만 그린 뉴딜 이슈로 꾸준히 증가할 것이라고 생각됩니다. 특히 국민연금이 꾸준히 지분을 늘리고 있습니다.
"
21-01,비둘기,오후,12:36,"<유진 테크>
2000년 설립된 유진테크는 반도체장비 및 부품제조, 액정화면장비 등의 사업을 영위 중이다.우리나라 최고 반도체 업체인 삼성전자와 하이닉스에 동시에 반도체 설비 장비를 제공하는 회사이며, 작년부터 시작된 반도체 장비&제조의 탈 일본화 및 유례없는 반도체 호황으로 인해 전망이 매우 좋다고 평가되어진다. 최근에는 반도체 설비 장비의 중국 진출 등 호재가 넘쳐난다.



[섹터: A]

A+섹터인 반도체의 설비 관련 섹터, 그것도 국내 투 탑인 하이닉스와 삼성전자가 매출의 90%라는 점에서 매출도 안정적이다. 두 기업 모두 반도체 메모리 공정 쪽에서의 필수 기술인 ALD 장비의 국내화 비중을 점점 올려가는 중인데, 유진 테크의 ALD 장비 기술은 국내 원탑이라 앞으로도 매출이 많이 늘어날 것이라 예상된다. 

(ALD란 반도체의 박막을 만드는 공정 중 가장 최신 기술을 의미한다)

배당금도 1주당 230~250원으로 주가에 비해 높은 편이며, 배당락(12월 31일)이 없을 정도로 기존 주주들의 회사에 대한 믿음이 대단하다는 걸 알 수 있다.



[재무: B]

사실상 재무 지표로는 좋은 성적을 받기 힘들다. 높은 Per 값과 1보다 큰 PBR값 등. 그럼에도 이 종목을 추천하는 이유는 국내 반도체 설비/제조/재료 기업의 원탑이라는 타이틀과 발전 가능성 때문이다. 유진테크는 2015년까지만 하더라도 연 수주총액이 1000억원이 채 되지 않았으나, 이듬해부터 규모가 점차 늘어났다. 반도체 시장 슈퍼호황기로 불린 2018년 기준으론 수주총액 규모가 1725억원까지 성장했다. 같은 해 유진테크는 2201억원의 매출과 408억원의 영업이익을 올리며 최대 실적을 기록하게 된다. 전년동기 대비 각각 69.1%, 58.7% 증가한 수치다. 2020 하반기에도 하이닉스와 삼성전자로부터 추가 수주를 얻어내며 2000억원에 가까운 매출액을 올린다. (표 참고) 

또한, 최대 주주의 주식수 변동이 없는 것도 긍정적이다.



[수급: B+]

그러나 이러한 호재들과 영업 이익, 주식 호황에도 불구하고 수급이 거의 들어오지 않았다. 최근 2주간 꾸준히 상승세지만 급등/급락이 적은편이고, 차트를 분석한 결과 오전 장에 올랐다가 오후 장에 떨어지기를 계속 반복한다. 단기적인 이익을 위한 투자보단 장기적으로 가치투자 하시는 분들에게 어울리는 종목이다. 최근 반도체, 하이닉스의 주가 상승에 비해 거의 변동이 없는 느낌이지만 전체적으로 꾸준히 우상향을 예상한다. 


"
21-01,비둘기,오후,12:36,사진 5장
21-01,해달,오후,1:24,"<고려아연> 


[재무] A0 



매출액과 영업이익이 지속해서 증가하는 것으로 보이고 4분기 실적 역시 좋을 것으로 전망하여 상승이 예상됩니다. 당기순이익, 영업이익률, 그리고 순이익률이 2018년도부터 우상향하는 모습을 보이고 PER 역시 지속해서 내려가는 모습을 보입니다. PBR 1.1로 저평가 기업이라 생각이 되고 매출액과 영업이익이 지속해서 증가할 것이라고 예상이 되어 좋은 재무 상태를 가지고 있다고 생각합니다. 



[수급] A- 



저번 달 12월17일부터 외인과 기관이 매집하는 모습을 보이기 시작했고 특히 기관이 지속해서 매수하는 모습을 보입니다. 특히 1월5일에는 외인과 기관들에 의해 급등이 나왔고 그 후에도 기관은 지속해서 매수하는 모습을 보입니다. 급등이 나온 후 외인들은 매도하는 모습을 보이지만 기관이 물량을 받아내는 모습을 보임에 따라 좋은 수급 상태를 가지고 있다고 생각합니다. 



[섹터] A0 



업종은 철강 주고 섹터는 비철금속으로 원자재의 매출이 중요한 기업이라고 보여집니다. 약 1년 동안 주춤했던 아연과 연의 가격이 2020년 2분기 때부터 상승하기 시작했고 이에 따른 수혜로 꾸준한 주가 상승과 실적 개선이 이루어질 것으로 생각합니다. 또 금과 은 가격이 주춤함에 따라 주가가 부진했는데 최근 좋은 강세전환이 이루어져 원자재 가격 상승에 따른 주가 상승이 예상됩니다. 뿐만 아니라 이 기업이 하는 신사업 역시 긍정적인 모습을 띠고 있습니다. 기업은 이차전지 동박 사업에 지속해서 투자하고 있고 최근 호주 자회사 SMC를 통해 그린 수소 사업 역시 검토하고 있다는 점에서 전망이 밝다고 평가했습니다. 



[시장] A- 



코스피 종목으로 철강 주의 혜택을 받을지는 불명확하나 저번 주 코스피 대형주 위주로 큰 수급이 도는 것으로 보아 개인의 수급이 들어올 수 있다고 생각합니다.
"
21-01,표범,오후,3:14,파일: 오스템임플란트.docx
21-01,돌고래,오후,3:43,"티엘비


12월14일 신규 상장하였으며 현재 시총은 약 3000억입니다.

대덕전자에서 2011년 분사하였고 PCB를 생산하는 업체입니다.

주요 품목은 메모리 (D램, DDR5는 22년에 매출 상승 예상), SSD, 반도체 테스트 장비이고,

삼성전자, 하이닉스, 마이크론 등에 부품을 수주하며, 리스크 요인은 소수 대기업에 의존성이 듭니다.

유사 종목(PCB)으로는 심텍, 코리아써키트가 있습니다.

일반 투자자 경쟁률 1640:1을 보였고 유통 주식이 적습니다 (전체의 25%).



[재무] A+



최근 3년간 매출, 영업이익 계속 상승 중 입니다.

영업이익 45억(18년) -> 110억(19년) -> 134억(20년도 3분기까지) 로 성장성이 좋습니다.

일반 투자자 경쟁률 1640:1 



[차트] X

12월 14일 상장하여 아직 차트 데이터 부족함.

상장 당일 따상을 갔다가 하락세로 마무리 (신고가 76000원),

1월 6일 상한가를 갔으며 현재 소폭 하락하여 61000원입니다..



[섹터] A+

최근 삼성전자, SK하이닉스가 상승한 후 며칠 뒤 상한가를 보임.

디램, SSD 싸이클과 DDR5에 대한 기대감으로 해당 섹터에 대해서서 높은 평가를 줌.



[벨류에이션] B-



이 종목을 조사하다보니 PCB를 만드는 심텍도 조사하게 되었습니다.

심텍은 19년 적자였다가 20년 흑자전환하였고, 20년 1~3분기에 당기순이익이 약 550억입니다.

티엘비는 당기순이익이 110억이며, 순이익이 5배임에도 시총은 2배 차이 밖에 나지 않아서

티엘비는 고평가 되었고, 심텍은 저평가라고 볼 수 있습니다.

사실 티엘비를 조사하보니 더 좋은 심텍이라는 종목을 발견했습니다.



심텍에 대해서는 다음주에 분석을 이어서 하도록 하겠습니다.
"
21-01,해마,오후,5:42,사진 9장
21-01,해마,오후,5:44,사진
21-01,해마,오후,5:46,"<골프존(215000)>


 안녕하세요 해마입니다. 많은 분들이 좋은 종목 다뤄주셔서 잘 읽었습니다. 감사드려요 :) 웬만한 종목(핫한 섹터 등)들은 이미 잘 알고계시고 또 다뤄주실 거라고 생각해서, 어떤 종목이 좋을까 생각해보다가 잘 모르실 것같은 종목으로 골라보았습니다. 



 제가 오늘 다뤄볼 종목은 ‘골프존’입니다. 제 종목 커버리지가 넓은게 아니라, 과거 골프장 알바 경험으로 이쪽 분야를 나름 잘 알고 있는 편입니다. 우선 이 기업을 한 마디로 요약하자면 “혁신적인 제품으로 압도적인 시장의 선두로 자리잡았지만, 추가적인 사업이 다소 비혁신적이며 소상공인 죽이는 사업을 하는 기업”입니다.



 우선 종목 소개부터 드리자면 골프존은 스크린골프 기계를 만들이 매장에 판매하고, 가맹점도 따로 운영하고 있는 기업입니다. 업계 점유율은 50% 정도로 독보적인 1위이며, 그 뒤로는 카카오골프(15~20%) / SG골프(10~15%) 정도가 있습니다. 2010년대 초반에는 점유율이 90% 가량이었는데요, 꾸준히 독과점 논란이 불거진 틈을 타 후발주자들이 틈새를 파고든 형국입니다. 여러 독과점 논란 중 하나의 예시를 들자면, 한달 후 기계(level 2)발매가 예정되어 있지만, 이를 고지하지 않고 기계(level 1)을 새로운 사업자들에게 판매합니다. 그리고 곧 새로운 기계가 출시되고 시장에서 뒤쳐지면 도태되는 골프 사업자들은 울며 겨자먹기로 비싼 돈을 주고 기계(level 2)로 업그레이드를 할 수 밖에 없는… 등등 여러 논란이 있었습니다. 

 다만 특허도 300개 이상 보유한 명실상부한 시장의 지배자이며, 앞으로의 잠재 수요를 가장 탄력적으로 받을 기업이란 것은 확실합니다. (장기적으로는 후발주자에 잡아먹힐 것으로 보입니다.)

 

[재무] A+

-2018년까지 2,000억 정도에 머물렀던 매출이 2019년도를 기준점으로 꾸준히 우상향할 것으로 보여집니다. 또한 영업이익도 꾸준히 우상향하고 있는 등 기본적인 재무상태가 튼튼하다고 보여집니다. 

-영업이익률 향상도 눈에 띕니다. 2018-2019 : 13~14% -> 2020부터 20% 이상 예상되며 지속적 성장세를 보입니다.

-PER은 15.7으로, 동일업종(게임엔터테인먼트, 33.7) 대비 낮은 편입니다.   

-PBR은 1.9로 첨부한 재무상태표에서 볼 수 있듯 부채 대비 순자산이 건실한 편입니다.



Q. 왜 영업이익률이 상승 추세인가요?

 골프존 자료에 따르면 2019년 골프존 게임은 약 6000만 회 플레이되었으며, 2020년은 7000만 회 플레이되었습니다. 

 그런데 골프존 기계를 이용해서 게임 1회를 플레이할 경우, 매장은 각 손님당 2,000원의 로얄티를 골프존에 지불합니다. 그냥 게임 1회 플레이 시 아무 판관비, 유지보수비 없이 현금 2,000원이 골프존에 꽂히는 겁니다… 60만회라고 치면 일년에 총 1,200억이며 매출의 절반 정도를 차지합니다. 정말 튼튼한 캐시카우입니다… 



Q. 지지부진했던 매출은 2018년 기준으로 왜 상승 추세인가요?

 우선 골프존은 2018년 이전에는 단순 기계만 팔고 로얄티만 챙기는 회사였습니다. 하지만 시장에서의 입지가 점점 좁아지자, 가맹사업으로의 확장을 시도합니다. 골프존 매장이 전국에 5,000개 정도 있었는데 빠르게 이 매장들을 비가맹에서 가맹점으로 전환시키고 있습니다. 가맹점은 새로운 골프존 기계인 압도적인 성능의 “골프존파크” 기계를 사용합니다. 그리고 약 3년간 5,000개 중 총 1,500개 정도가 가맹점으로 전환되었습니다. 가맹사업 확장으로 새로운 기계도 팔고 가맹 fee 등으로 매출이 개선되고 있는 거죠…



[시장] A0

개인적으로는 보수적으로 투자하고 있으나, 현재 딱히 지수가 폭락할 리스크가 없다고 생각되며 횡보하여도 3,000 정도를 지지할 것이라고 생각합니다. 그리고 방금 올라온 소식에 따라 내일 또 삼전+현대의 랠리가 이어져 코스피는 단기적인 과열 양상을 띌 것이며, 장기적으로도 상향 형태가 예상됩니다.



[섹터] B+

 골프존의 섹터는 컨택트 섹터이자 언택트 섹터라고 생각합니다. 코로나 시기 내수, 여행주가 큰 타격을 받았으나 의외로 골프존은 1Q, 2Q 어닝 서프라이즈를 기록했습니다. 지인/가족 위주로 독립된 실내에서 플레이하는 특성 상 코로나 안전한 놀이거리로 인식되었기 때문입니다. 3Q에는 심지어 9월 초 1차 2주간 2.5단계 거리두기 상향으로 실내체육시설이 운영이 금지되어 아예 매출이 없었으나 2Q랑 맞먹는 실적을 기록했습니다. 4Q를 보겠습니다. 10-11월 가을 시즌에는 아무래도 실제로 나가서 플레이하는 필드골프 성수기로 실내골프에 영향 + 12월 3주간(12.10~)의 거리두기로 매출이 0이므로 4Q 성적은 좋지 않을 것 같습니다.

 그러나 사람들은 지금 거리두기 2.5단계인 수도권에서는 골프 플레이가 불가능하여 천안, 강릉 등 근처 지역으로 미친듯이 원정골프를 떠나며 사회적 문제의식을 불러일으키고 있습니다. 뉴스로 접한 바에 따르면 뉴질랜드와 덴마크(아마) 등은 몇달간 한국 거리두기 3단계 수준의 방역조치 후 얼마전 해제됨에 따라 폭발적인 보복소비가 이루어지고 있다고 합니다. 거리두기가 해제되면 골프존 역시 폭발적인 보복소비세에 매출을 회복할 것으로 보여집니다. 심지어 이제는 겨울 시즌이라 실내골프의 성수기입니다. 지금 주목받는 섹터는 아니기에 B0를 매기지만, 곧 A가 될 섹터로 봅니다.

 

[수급] B0

1. 4월 1Q 실적발표일(04.27) 어닝 서프라이즈에 시장의 주목을 받으며 27% 상승을 기록했습니다. 이어 7월 2Q, 10월 3Q 실적발표 부근에도 5% 이상의 상승을 기록하는 등 실적 발표에 크게 영향을 받는 편입니다.



2. 언제나 거래량은 시장에서 관심받는 주식들에 비해 많이 적은 편입니다. 다만 외인 수급세에 주목해볼 필요가 있습니다. 

 9월 1차 2.5단계 거리두기 기간에는 올랐던 가격에 비해 생각보다 가격이 덜 빠졌고 외인 수급이 들어오며 금새 원래 가격대를 찾아갔습니다(약 -7% -> 0%). 그리고 다음달 저점 대비 20% 정도 상승을 기록했습니다. 

 현재 2차 2.5단계 거리두기 기간에는 1차 기간보다 가격방어도 잘 되는 모습을 보이며(물론 이 기간엔 지수도 좋았습니다), 1차 기간과 마찬가지로 외인 수급이 꾸준히 들어오고 있습니다만 역시 거래량 자체는 굉장히 적은 편입니다. 이후 매출 증가세를 예단한 수급 형태가 아닐까 생각됩니다.



[기술] B0

일봉은 5,10,20일선을 모두 이탈하며 지지부진합니다. 1차 거리두기 기간의 저점이며 주봉상 지지점 부근에 수렴하는 모습을 그릴 것으로 예상됩니다. 그 예상 시기는 2020 4Q 실적발표(3Q 반토막 예상) 시기인 1월말로 예상되며, 이 때가 매수 적기라고 생각됩니다. 물론 최근 시장의 움직임이 좋아 원하는 저점에 도달하지 못할 수도 있습니다. 여기부터 모아가면 2021년 좋은 결과 있을 것 같습니다.
"
21-01,해마,오후,5:58,"Q. 왜 영업이익률이 상승 추세인가요?
에 하나 빼먹은 것 같습니다. 

골프시장은 연 7% 성장세를 기록하고 있습니다. 기계도 점점 발전하고 있고 인기도 늘어나 앞으로의 게임횟수도 늘어나고, 기계 판매 역시 비례하여 증가할 것으로 보입니다.
"
21-01,나무늘보,오후,6:45,"인선이엔티


국내 건설폐기물 1위 업체이며 020년에 인수한 건설폐기물중간처리 및 소각 업체인 파주비앤알과 영흥산업환경의 실적이 2021년부터 온기로 반영되어 폐기물 부문의 고성장이 예상된다. 이와 함께 자동차 해체 재활용 사업부도 정부정책 영향에 따른 우호적인 영업환경 조성으로 실적 성장이 기대된다. 이에 따라 인선이엔티 2021년 실적은 매출액 2,591억원(+31.0%, YoY)과 영업이익 602억원(+32.2%, YoY)으로 전망하며 전 사업부문에 걸친 성장이 예상된다. 



전기차 폐배터리 반납의무 폐지, 온실감축을 위한 노후 경유차 폐차보조금 지원 등으로 폐차시장이 성장하며 인선이엔티 실적도 좋아질 것으로 판단한다. 2020년은 코로나19 및 경기침체로 매출액이 전년대비 역성장할 것으로 보이나 2021년 개선된 영업환경 속 국내 최대 폐차시설규모를 보유하고 있는 동사의 수혜가 가장 클 것으로 예상한다.



매출액,영업이익

매출액의 경우 2020E 2019년에 비해 7.5%의 증가율을 보이고 있으며, 2021 Expectation은 인수기업과 폐기물사업의 확대 그리고 폐자동차 재활용 사업등의 말만들어도 장밋빛 사업들의 뒷처리를 해줄 각종 사업 아이템들이 즐비해 매출액 증가율은 7.5%를 훨씬 상회할 것으로 보인다. (증권사 Expectation은 30%까지도 예측하고 있다)

영업이익의 경우 2018년 부터 한해도 빠짐없이 급성장을 이루고 있는데, 2019년부터 2년간 20~30% 이상의 꾸준한 성장을 보이고 있다. 



안정적으로 주가가 우상향 할것이라 생각함. 아직 대시세를 준적이 없기에, 대시세 이전에 꾸준히 매집하는게 좋을듯 함. 



건설업+전기차+전지 2021년을 여전히 밝혀줄 섹터들과 모두 연관되어 있다고 볼 수도 있기에 관심을 가져볼만함. 



ps. 이 회사가 보유한 일산 땅의 가치가 수천억에 달한다고 보고있음.
"
21-01,백조,오후,7:29,"<아이티엠반도체>


아이티엠반도체가 올해에만 4공장 5공장을 증설했습니다.



이는 무언가 엄청난 수요처가 있다는 뜻으로 해석할 수 있습니다.



아이티엠반도체의 주력인 PMP가 아이폰12에 들어간다는 얘기이고 이미 아이폰11에도 들어간듯합니다.



시장은 아직도 무선이어폰 관련주로만 아이티엠반도체를 평가절하하고 있기 때문에 주가가 계속 눌려있는 것이고 만약 공장증설이 아이폰12에 주력으로 납품하기 위한 것이라는 소식이 들리거나 아이폰12에 납품을 한다는 것으로 이슈가 돌게 된다면 아이티엠반도체는 애플향 기기에 직접 수혜주로 가치가 급상승하게 됩니다.



현재 굉장히 눌려있다가 이제 반등하기 시작한 모습이고, 아직 갈 길이 한참 남아있는 듯 해보입니다.



아이티엠반도체는 에어팟에서 아이폰으로 기술력을 인정받아 애플향 기기들의 침투율을 높여갔고 해가 지날수록 아이폰 기기에 전량 들어가게 될 겁니다.



이 벨류만 해도 보수적으로 8만원의 가치를 전망하는데 최근 애플카 이슈만 가져다 붙여서 주가가 얼마나 움직일지는 예상하기 어렵습니다.



하지만 보수적으로만 보아도 30%이상의 기대수익률을 달성할 수 있기에 아이티엠반도체를 추천드립니다.



원래는 2차전지를 다뤄볼까했는데 전공자 분도 계시기도 하고, 현재 제 포트에서 가장 비중이 높은 종목 소개가 우선이라 생각하기도 하기때문에 아이티엠 반도체를 다뤄봤습니다.



현 시점 주가로 봤을때도 아직 상승여력이 충분하고 사실 현 시점에도 매수해도 괜찮다는 판단이 드는 종목을 소개해드리는게 가치가 있지않나 싶었습니다.



그리고 저번에 동박 관련해서 물어보신 분이 계셔서 짧게 코멘트라도 해볼까 합니다.



동박은 이제 대체된다.

리튬금속으로인해 대체될 수 있다.



어느정도는 맞는 얘기입니다만 계속 강조드리지만 지금 이것을 논할 시기가 아닙니다.



전고체 배터리는 전 해질이 고체화되어 양극과 음극 중간에 분리막이 사라지고 화재 위험이 없어지니 음극재를 기존 흑연, 실리콘 대비 화재위험이 높지만 성능이 10배인 리튬금속으로 대체할 수 있게 됩니다.



문제는 이 전고체 상용화 가능 시기는 최소 2025년입니다.



기술은 있지만 상용화를 시켜 마진을 남기기까지는 더 오랜 시간이 걸릴 것이고 현대차는 2030년에 채택을 얘기하고 있죠.



동박에 대한 의구심은 음극재 기업들에게도 적용해볼 수 있습니다.



어짜피 리튬금속으로 전고체가 쓰일 건데 지금 흑연 음극재를 쓰는 포스코케미칼, 실리콘 음극재인 대주전자재료는 주가상승이 나오지 말았어야합니다.



즉, 동박도 마찬가지로 이런저런 얘기가 많지만 결국 현재 쓰이는 리튬이온 배터리에 필수로 들어가야하는 동박이 공급부족이니 증설 이슈가 나오거나 2차전지 소재 순환매로 동박 업체들도 움직일 수 밖에 없다는 생각입니다.
"
21-01,백조,오후,7:31,사진 3장
21-01,백조,오후,8:10,"<1월 둘째주 종목> -25종목
스튜디오드래곤, 한전기술, 탑엔지니어링, HMM, 한양이엔지, 코아시아, 아프리카TV, Nice 평가정보, 나노신소재, 삼강엠앤티, 이루다, NHN한국사이버결제, 에이치엘비, HDC현대EP, 에코마케팅, 와이지엔터테인먼트, 엠씨넥스, LS electric, 유진테크, 고려아연, 티엘비, 오스템임플란트, 골프존, 인선이인티, 아이티엠반도체.
"
21-01,악어,오후,8:30,"삼성SDS: 
4차 산업 혁명을 대표하는 기업 중 하나라고 할 수 있습니다. AI, 블록체인, 클라우드, 비즈니스 솔루션 등을 연구, 판매합니다. 



호재 A-

최근 콜드체인 솔루션 운영 뉴스에 급상승하였습니다. 최근 3년간의 영업이익의 평균에 per 20배 정도를 주면 23만원이 적정주가이고, 콜드체인 뉴스라는 재료로 인해 지금은 이 가격에 도달해있는 상태이지만 실적에 따른 주가 상승은 아니였기에 아직 상승 여력이 충분히 남아있습니다.



섹터 A+

4차 산업 혁명의 대표적 기업으로서 추후 AI, 블록체인, 클라우드, 스마트 팩토리 등 여러 테마주에 엮일 수 있는 가능성이 큽니다. 포스코 ICT와 비슷한 섹터에 포함되지만 포스코 ICT에 비해 매출 규모는 약 10배 정도의 차이를 보입니다.



재무 A+

재무가 정말 좋은 기업입니다. 매출액, 영업이익률, 순이익률이 꾸준히 상승하고 있습니다. 이번 해 코로나로 인해 영업이익이 떨어졌지만 코로나가 해소된다면 다시 상승할 것입니다.



리스크

상장 당시 per 50배라는 터무니없는 가격에 상장되어 계속 하락추세에 있는 상태이고, 이재용 부회장의 지분 비율이 높은 회사이기에 삼성의 지배구조에 따라 저평가되어 있습니다. 매출의 약 70%가 내부 삼성계열사이지만 외부에서의 매출이 계속 늘어나는 것을 확인하였습니다.

IT 서비스 특성 상 부가적인 가치를 창출하는 산업이기에 전체적인 산업이 호황이어야 제대로 된 평가를 받을 수 있고, 물류 산업에서의 솔루션 판매 비율이 크기에 코로나로 인해 성장에 약간의 타격이 있습니다. 하지만 코로나 문제가 해소되어 물류가 활성화되고, 4차 산업 혁명에 맞는 정부 예산 정책이 뒷받침되는 것이 대중에게 부각된다면 주가 상승 동력이 커질 것입니다.
"
21-01,범고래,오후,8:38,"ess, 스마트 그리드와 엮인 ls electric


현재 시장은 2차전지, 반도체등 전기차와 연관된 주식들이 많이 올라있는 상태입니다. 결국 전기차 시대가 오면 전기 공급 체계의 개편이 필요한데, 이 때 수혜를 받을 수 있는 기업이 ls라고 생각을 합니다. 이미 ls 전선은 해외 수주를 따오고 있으며, 태양광 풍력이 개발됨에 따라 더욱 더 좋은 실적을 낼 것이라고 생각합니다. 하지만 ls 전선은 구리가격과 커플링이 심하며, 일정치 이상의 실적을 낼 수 없다고 생각해서 고른 것이 ls electric입니다. ls electirc은 스마트 그리드, 변전 설비, 전장 부품 등 다양한 사업을 영위하고 있습니다. 현재 아직까지는 실적으로 연결되지는 않았지만, 향후 먹거리가 많은 사업을 영위하고 있어 중장기 투자로 가져갈 가치가 있다고 생각을 했습니다.



[재무 : B-]

최근 구리 수급 악화로 인해 영업이익이 줄었으나, 구리 가격 상승 및 해외 수주 계약을 통해 영업이익이 증가될 것 으로 생각합니다. 한편, 부채 비율, ROE, 현금 유동성 비율 역시 최근에 악화되었으나, 이는 최근 R&D에 박차를 가하는 것으로 볼 수 있습니다. 약간의 뇌피셜이지만 LS 그룹의 미래 먹거리를 책임지는 회사이기 때문에 LS 측에서 버릴 리가 없다고 생각하며, 재무상으론 안좋을 수 있으나 그룹내 위치를 생각했을 때 크게 문제가 되지 않을 것이라고 생각합니다



차트 [B+]

69000원 돌파 자리가 만들어졌으나, -2%로 마무리를 하며 고점과는 멀어졌습니다. 수급 상태는 그다지 좋지 않지만, 연기금이 꾸준하게 매집을 하며 비율을 높이고 있습니다. 단기적으로는 6만원 지지를 확인한 다음 들어가는 것이 좋을 것 같습니다. 본디 LS자체가 무거운 종목이었으나 최근 대형주의 상승에 더불어 큰 등락폭을 보이고 있습니다. 한편 마지막 2거래일에 거래량이 터졌는데, 거래량을 유지하면서 전일 종가를 유지한다면 진입할만한 자리가 나올 것이라고 생각합니다.



[수급 B]

외인과 기관들이 매수후 매도 패턴을 보이고 있으나, 전체적으로 연기금과 같은 기관에서 매집을 하고 있으며, 거래량이 터졌기 때문에 재료만 나온다면 고점 돌파도 가능할 것으로 보입니다



[섹터 A]

스마트 그리드, ESS 섹터는 아직까지 조명을 받지 못하고 있으나 분명 각광받을 섹터입니다. 하지만 아직까지 대장주가 나오지 않았고 기술력이 증명되지 않아서 진입하기 어렵지만, 해당 시장 자체는 매력적입니다. 시장 자체의 크기는 2차전지, 반도체보다 작을 수 있지만 현재 너무 오른 다른 섹터에 비해 완전히 저평가 되어 있어 A라고 생각을 합니다.



-네러티브 적인 면에서 LS 그룹내 LS ELECTRIC의 위치, 향후 스마트 그리드 /ESS 시장의 성장등을 상상했을 때 LS ELECTRIC이 수혜주가 될 수 있다고 생각합니다.
"
21-01,독수리(방장),오후,3:32,"오늘도 조정장 보이다가 막판에 하락 만회하며 마감했습니다. 외인들이 코스닥 막판에 200억 정도 들어왔고, 오늘 jp모건 컨퍼런스 관련 바이오주들 수익실현했을텐데 저정도 매도폭이면 외인들은 곧 코스닥에 들어올 듯 합니다."
21-01,독수리(방장),오후,3:34,"1200억 순매도에서 1000억 순매도 정도였는데, 순매수는 아니니 오해 없으시길 바라구요. 내일 즈음해서 저점이 잡힐것 같긴 한데 완전히 지지확인하시고 무릎에서 사신다는 생각이 좋습니다. 어차피 상승은 하락처럼 전 종목에 대하여 한 번에 쏟아지지않고 선별적으로 이뤄지기 때문에 미리 준비해둔 종목들 중 타점 좋은 종목들 하나하나씩 편입하면 좋겠습니다."
21-01,독수리(방장),오후,3:35,추가매수같은 경우 무릎말고 좀 더 아래에서 매수해보셔도 상관은 없지만 추가매수도 분할로 여러번 나눠사시는 걸 추천드립니다.
21-01,독수리(방장),오후,3:36,"코스피는 아직 수급이 너무 개인위주라 안심할 수 없고 3000지지 확인하신 후에 매매하셔야하고, 코스닥은 20일선 꽤 높아서 1차매수 구간 곧 도달할 것 같습니다."
21-01,독수리(방장),오후,3:36,그럼 오늘도 수고하셨습니다.
21-01,독수리(방장),오후,3:36,사진
21-01,독수리(방장),오후,3:23,"장 마감했습니다. 지수는 하방압력을 견디지 못하고 떨어지는 모습이었습니다. 코스닥은 사실 낙폭이 저정도까진 아닌데, 셀트리온주들이 큰 약세를 보이면서 많이 밀렸습니다. 코스닥150이 -2.5%이고 코스닥이 -1.6% 정도로 마감한 것을 보면 알 수 있습니다. 기관 오늘 아침에 사는 듯 하다가 다시 팔아대면서 또 개인이 이걸 받아먹었는데, 20일선 3000부근까지 올라오는 걸 기다려야할 것 같습니다. 저같은 경우 그저께 1차매수를 했던 종목 중 시세 나온 종목은 익절해줘서 나머지 종목을 대응하려 준비중입니다. 이런 하락장에서 흔히 일어나는 리밸런싱 과정이므로 차분히 포트 리밸런싱하면 다음 상승장 때 수익날 수 있을 겁니다."
21-01,독수리(방장),오후,3:25,단타는 유효하지 않은 시장이고 스윙이나 포트 재구성이 가장 현명해 보이는 시장입니다. 너무 무리하거나 스트레스 받지 마시고 차분히 매매하다보면 계좌는 분명히 +날 것입니다. 제가 한 2-3일전부터 이런 심심한 장세에서는 정치테마주들이 많이 오른다고 말씀 드렸는데 오늘은 이재명주가 다들 엄청 올랐습니다. 다음 정치테마주 하나씩은 담아가면서 시장 대비하시면 될 듯 싶습니다. 그럼 오늘 장도 수고 많으셨습니다
21-01,돌고래,오후,9:12,파일: 채권.pdf
21-01,돌고래,오후,9:13,최근에 10년채권금리 증가로 인해서 조금 공부&정리를 해봤습니다.  이해가 안되는 점은 토론방에 질문해주시면 답해드리도록 하겠습니다. 그리고 전공생이 아니라서 틀린 부분이 있을수도 있는데 지적 부탁드립니다.
21-01,티라노,오전,9:34,"(씨앤지 하이테크)


섹터A

반도체/디스플레이CCSS 장비제조업체로 경쟁업체는 한양이엔지,오션브릿지 등이 있다. CCSS공정 내에서 화학약품혼합장치에 특화된 업체입니다.

메모리 반도체 빅 사이클 재현으로 21년 삼전 반도체 CAPEX는 사상 최대치를 기록할 전망인데, 씨앤지는 Chemical Blending System이 삼전 점유율이 90% 수준으로 수혜가 예상됩니다. 

또한 방열기판 사업은 양산 공정을 개발중이며, 수입에 의존하고 있는 탄산수소 나트륨을 국산화하는 사업을 추진중입니다. 물론 아직 방열기판과, 탄순수소나트륨은  초기 단계로 실적기여에는 시간이 걸리겠지만, 성공적으로 안착할 경우 더 큰 주목을 받을 것으로 기대됩니다. 또한 최근에 씨앤지하이테크 주식회사, 다이킨공업 주식회사 및 삼성물산 주식회사가 합작투자를 통해 국내에 반도체 및 디스플레이용 드라이에칭제의 제조, 판매 등을 목적으로 하는 합작투자회사를 설립하였으며, 이미 대표이사의 지분 절반을 자녀에게 증여 하였다는 점은(평단 7500대) 그 만큼 대표가 앞으로 주가 상승에 자신이 있다는 뜻으로 해석됩니다. 





재무

A+

1200억 시총 기업에 현금만 500억을 쌓아둔 무차입 경영을 하고 있는 기업으로서 유동비율이 800% 부채비율이 15% 인 굉장히 알짜 회사라고 판단됨.



3분기 수주공시에 비해 실적이 비교적 적어보이는데, 설비주라 기제작되어 납품될 설비는 재고자산으로 인식되어 영업활동현금흐름이 마이너스로 보임, 그러나 설비주의 특징으로 납품할 장비를 수주 들어온 순간을 매출로 잡거나 계약금 들어온 후 그게 아니라면 납품 후에 잔금까지 처리후에 매출을 잡을 수 있다는 점은 추후에 실적을 크게 잡을 수 있다는 장점이 있다고 판단됨. 



또한 국내 전공정 장비주 21F PER 13배이며, CCSS 장비 PEER들의 평균은 9.9배로 아직도 저평가라고 할 수 있음. 



수급 B+

이러한 호재에도 불구하고, 거래량 없이 조금씩 우상향하고 있는 종목으로 아직도 저평가를 받고 있는 주식으로 판단되며, 

12월 21일 삼성물산, 다이킨 공업과 합작투자 공시 이외에는 큰 거래량과 상승폭이 없는 상황. 최근에는 기관과 외인의 차익실현 물량이 좀 나오는 편이지만, 이를 기타법인과, 개인이 받아내는 모습을 보여주고 있음. 



차트A-

12월 21일 공시를 제외하면 건강한 조정과 상승을 반복하는 우상향 종목으로서 12월 21일 갭상승후 하락이 맘에 들지는 않지만... 당분간 횡보후 다시 우상향할 자리를 찾을 것으로 생각됨. 
"
21-01,🐘,오후,4:32,"[한화시스템]
2018년 ICT 사업하는 한화 S&C와 합병하며 2019년 11월에 비교적 최근에 상장. 군사장비의 제조 및 판매하는 방산부문과 IT 아웃소싱 등 서비스 판매하는 ICT부문 사업을 영위하고 있음. 단단한 실적은 대부분 방산 부분이 이끌고 있다. 전투체계, 통신체계, 지휘통제체계, 레이다 등 방산전자 부분 경쟁력 가지고 있다. 수익성 높은 ICT 부문 중심으로 성장. 

캐시카우 역할을 하고 있는 방산부문을 근간으로 저궤도 위성, 에어 택시, AI, 블록체인, 태양광 등 미래사업을 위한 투자를 지속적으로 단행하면서 전사적인 사업포트폴리오를 다각화2020년 영국 벤처기업인 Phasor Solution 인수에 이어 미국 벤처기업 KYMETA 지분 투자에 참여하면서 저궤도 위성 사업을 강화하고 있는 한화시스템



섹터 (A+)

탄탄하고 안정적인 방산 기업을 토대로

하늘을 나는 자동차 UAM(Urban Air Mobility) 사업

저궤도 위성통신 안테나 원천기술 – 인공위성에서 5G 수준의 인터넷 서비스를 제공해 운송 수단에서 안정적 통신을 가능하게 하는 미래 모빌리티 핵심 기술

자율주행 기술 자체도 중요하지만 그 많은 데이터를 통신할 체재도 중요 이에 따라 지금 당장은 주목을 받지 못하고 있지만 유망한 사업 분야를 보유하고 있다고 판단.



재무(B+)

한화시스템은 2020년 3분기 447억원의 영업이익을 기록하여 전년 동기 대비 YoY +68.2%의 영업이익 성장세를 기록. 매출, 영업이익, 

부채비율이 36%로 조금 높지만 매출액과 거의 비슷한 수준. R&D 투자로 인하여 부채 비율 늘어남.

PER값은 업종 PER값과 비슷한 수준으로 26.36를 기록

한화 에어로 스페이스와 에이치 솔루션이 보유하고 있는 총 지분이 전체의 62%나 되어 이는 유동성에 마이너스 요소로 판단



수급(A-)

최근 외국인 매수세 올라오고 있는중. 거래량도 100~200만 사이이며 지지선이 정방향으로 배열되어있어 우상향 예상할 수 있음. 또한 전고점 돌파 하는 위치에 있어 자리로도 좋다고 생각. 



차트 (A+)

11월 30일 20일선과 60일선 골든크로스 생기면서 우상향중. 5, 20, 60, 120선 정배열로 현재 주가 18600원 수준. 첫 공모가가 12000원선이었지만 코로나 바로 직전에 상장하여 코로나로 인하여 4000원대까지 주가가 떨어졌지만 그 후 지속적으로 우상향. 
"
21-01,독수리(방장),오후,10:32,사진 4장
21-01,나무늘보,오후,10:33,감사합니다!!
21-01,수달,오후,11:17,"한국조선해양 (009540)


현대중공업, 현대삼호중공업, 현대미포조선을 거느린 중간 지주회사. 주요 사업 영위 부문과 매출비중은 조선(84%), 해양플랜트(7%), 엔진기계(4%). 전세계 조선사 1위, 조선업체 관련 대장주.



—————

섹터: (B+) 모든 성장 기대감은 코로나 회복 전제

미국의 친환경사업 투자에 따른 친환경선박 수요 증가 전망, 중국의 회복과 함께 아시아-미주 해상물동량 상승 기대감. 2021년 예상 선박 발주량은 +22% YOY, 실제 발주량은 초과할 것으로 예상. 당장은 발주물량이 부족하여 구매자 우위시장이지만, 중/하반기 부터 발주 몰리면서 선가 상승 예상. 



1. 수주량 증가 기대감

(1) 국제 유가 상승 예상, (2) 해운시황 개선 예상에 따른 해양플랜트, 가스선과 컨테이너선 발주에 대한 기대감 있음. 환경규제로 인한 노후선 교체시기도 앞당겨지고 있음



2. 한국 조선업 수주 경쟁력 비교 우위

일본 조선업계의 건조량 축소와 중국 조선업계에 대한 불신으로 인해 한국 조선업 수주 경쟁률 월등할 것으로 기대. 지난 조선업 싸이클 당시 중국의 저가 경쟁으로 인해 조선업 불황이 이어졌고 일본 조선업은 생산량 축소 및 정리. 반면 중국의 건조선박의 불량률이 높아, 다음 수주 싸이클은 한국에게 유리할 것 (한국 조선업도 중국과 비슷한 원가경쟁력을 확보하여 17년이후 기술력이 가장 덜 중요한 벌크선 수주 실적을 기록함)



다만 모든 업사이드는 코로나 이후 경기 회복과 유가 회복을 전제로 하고 있는 만큼, 당장 매수하기에는 이르다고 판단 됨. 특히 20년 수주량이 전년대비 50% 수준이며, 환율차손의 영향도 있었기 때문에 실적발표 전후로 조정 받고 들어가는 것이 좋을 것으로 판단 됨



—————

재무: (B+) 조선업 중 그나마 좋은 재무

영업이익 19년 흑자 전환이후 7분기 연속 흑자 유지, 19년 대비 20년 영업이익 3% 증가 (코로나와 환율로 인해 수주 어려운 환경 속에서 선방). 21년 YoY 영업이익 15.7% 증가 예상. 조선 3사 중 PBR 제일 낮으며, 추후 대우조선해양 인수를 위한 증자를 감안하더라도 저평가 판단 가능



19년 3분기 당기순이익 적자 -770억은 예상보다 큰 환 영향 + 1회성 유형자산 처분손실 (183억원) + 수주 기대감에 따른 충당금 설정 때문이며 큰 리스크 요인은 아님. (1150원 이상 헷지환율 물량이 22년 까지 이어질 것을 예상됨)



—————

수급: (B+) 한발 늦은 감

19.06~20.10까지 거래량 죽어 있다가, 20.11 이후 지속적으로 괜찮은 거래량을 보여주고 있음.



외국인 보유비중도 20.10 15.5%에서 21.01 16.5%까지 올라옴. 외국인 매수세는 1월까지 지속적으로 매수우위로 지속되고 있는 반면 기관의 매수는 10-11월에 집중되어 있고 12월 잠잠하다 1월 들어서 매도세가 보여지는 중



—————

차트: (A-) 상승 랠리의 시작인가? 아님 단기 고점인가?

현 시세 114,000 (52주 최고 129,500 / 최저 64,200)

11월 저점 (78~80천원) 다진 이후 2개월 간 상승 랠리로 1/6 124,500 고점 터치 후 20일 선 까지 내려가고 있는 중.



11월 골든크로스 이후 12월 7일부터 5/20/60/120 이평선 정배열, 지지선으로 판단되는 114,000에서 수급 기다리며 다음 저항선인 122,000원과 130,000 돌파 시도할 것으로 보임



—————

APPENDIX:

동일업종비교 (재무는 FnGuide 공시 기준 2020E)

한국조선해양 / 삼성중공업 / 대우조선해양

시총: 8.06조 / 4.37조 / 2.97 조

매출: 15.18조 / 7.05조 / 7.45조

EBIT: 2997억 / -7361억 / 4374억

NI: 1235억 / -9373억 / 3053억



배수 비교

PER: 103.69 / N/A / 9.75

PBR: 0.69 / 0.95 / 0.73



[전체 증권사 최근 리포트]

- 2021.01.15 목표가 150,000 투자의견 BUY(유지) 대신증권

- 2021.01.07 목표가 140,000 투자의견 BUY(유지) KB증권

- 2021.01.05 목표가 150,000 투자의견 BUY(유지) 하이투자증권

- 2020.11.17 목표가 170,000 투자의견 BUY 하나금융투자



—————

그외 생각해볼만한 것들:

최근 테이퍼링 얘기나오면서 금리 인상에 관한 얘기가 나오고 있습니다. 금리인상은 달라화 강세로 이어지며, 원달러 환율이 높아질 수록 달러로 수주받고 협력사에는 원화로 계약하는 조선업 특성상, 환차익 가능성이 높아집니다 (20년 하반기 환율 약세로 인해 한국조선해양이 당기순손실을 기록한 것과 같은 맥락입니다). 



주변에서 ‘조선 싸이클이 이제는 올 수 밖에 없는 시기다’라며 예전 호황기 때 50만원까지도 갈 수 있다는 등 조선주에 대한 얘기를 많이 들어서 이번 종목을 선택해봤습니다. 증권사 리포트와 뉴스기사를 읽으면서 느낀 바로는, 지금 당장 들어가기에는 너무 기대감만 앞서는 감이 있는 것 아닐까 싶습니다. 2020년 선박 수주량은 역대 최저 수준이였고, 2021년 기대 선박 수주량도 2019년에 비해 떨어지는 수준입니다. 그나마 21년 선박 수주 예상량은 코로나 이후의 경제 회복을 이미 반영한 수치입니다. 일본 조선업의 생산량이 사라짐에 따라 한국 조선업계가 가져갈 수 있는 파이 조각의 크기가 커진다고 해도, 파이 자체의 크기가 그렇게 커진 것도 아니고, 오직 기대감에 의해 커졌다는게 제 판단입니다. 다만 선박은 언젠가는 교체해야하며 24년 LNG 개발 프로젝트가 상당히 집중되어 있는만큼 21-22사이에 슬슬 진입 구간이라는 생각은 들긴 합니다. 결론적으로 단기적으로는 조정과 함께 진입 타이밍을 기다리며, 장기적으로는 우상향을 기대해도 될 것 같습니다.



이 회사를 분석하면서 2019년 삼성전기를 분석했을 때랑 비슷한 느낌을 받았습니다. 당시 5G로 인해 MLCC에 대한 기대 생산량이 커질 것이라는 예상이 많았지만, 그때까지만 해도 5G에 대한 기대감은 기대감으로만 남아있었습니다. 12만원까지 올랐던 주가가 19년 하반기 8만원대 터치하고 지금은 20만원까지 올라갔습니다. 비슷한 맥락에서 선박 수주량 이제 곧 교체시기와 신규 수주시기가 다가오고 있지만, 현재까지 기대감으로 많이 올라간 기분이 있습니다.
"
21-01,수달,오후,11:17,사진 4장
21-01,용,오전,1:14,"<레이>


[시장 : B+]

장기 상승, 단기 조정 예상 / 대형주 조정, 중소형주 위주로 자금이 옮겨갈 것이라 예상 / 시장에 불안



[섹터 : B]

치과용 의료기기 전문업체(오스템임플란트, 덴티움) 

헬스케어의 일종이지만 시장의 주목을 받을 가능성이 높지 않음, 이 섹터보다 관심을 받을 만한 영역이 너무 많음



[재무 : B]

eps가 꾸준히 증가하며 실적이 개선되고 있음

코로나로 인해 치과/병원 업무가 일부 마비되어 2020 매출이 좋지 않았고, per이 높아 재무재표가 좋다고 말할 수는 없음

하지만, 2021년부터는 투명 교정 장치의 국내 시장 진출로 인한 유의미한 매출 예상, 치과/병원 업무 정상화, CBCT 장비 메가젠임플란트에 공급 예정을 통해 더 개선될 여지가 있다고 판단



디지털 치료 솔루션 (3D 스캔) 매출 60%, 디지털 진단시스템(디지털 X-ray, 3D CT) 매출 40%

타 회사와 다르게 이를 자체 개발해 해외 중심으로 판매중 - 단가 절감 가능



[수급 : S]

기관, 외국인, 프로그램 등 개인을 제외한 주체들로부터 큰 수급이 지속적으로 들어오고 있음

특히 기관은 11월 5일부터 꾸준하게 매집하고 있는 것으로 보임



[기술 : A+]

1월 6일 전고점을 뚫었으며 차익 실현 물량이 1월 11~13일동안 많이 나왔지만 55000선 지지 성공

1월 14일 큰 상승을 통해 주가 끌어올림

한 번 조정이 있었고 저항 매물대가 없기 때문에 더 큰 상승 충분히 가능할 것이라 예상
"
21-01,고라니,오전,1:15,"포메탈 (119500)


 자동차, 방위, 조선, 발전, 석유화학, 의료장비 등 거의 모든 기계공업 산업에 부품을 공급하고있는 기업



—————

섹터: (S) 

기업자체의 섹터보다는 이재명 관련주로 보겠습니다. 대표이사 오세원, 최대주주 김기정 중앙대 동문입니다. 다음주의 경우 횡보. 조정장세가 이어질 경우 수급은 정치테마주로 몰릴것 같아 선택했습니다.

 —————

재무: (A) 

영업이익: 근 3년간 꾸준히 이익을 내고있으며, 작년 분기 역시 매분기 흑자입니다.

자본금: 60억

부채비율: 40%로 준수

자본유보율 656%로 양호



정치테마주 같은 경우 재무가 어느정도 받쳐줘야 리스크를 줄일  수 있어 이 종목을 선택했습니다.

—————

수급 및 차트: (A) 기대가능



12/14, 1/15 거래량 붙어주며 윗꼬리단 양봉을 형성하였습니다.

충분히 기대할 수 있는 위치라고 생각되며, 52주 최고가인 57~5800원대 수급붙으며 뚫는 것을 보는게 중요하다고 생각됩니다.



다만 1/15일 장에서 윗꼬리가 길게 형성되었는데, 3분봉으로 보니 윗쪽에 매물들이 많이 형성되있었습니다. 수급이 제대로 붙는다면 뚫을 수 있겠지만, 확인은 필요한 상태라 생각합니다.



외에도 전반적인 우상향 그래프라 양호하다고 생각합니다.



—————
"
21-01,군소,오전,1:43,"<후성(093370)>
저에게는 미 대선 모멘텀 당시 ‘바이든 테마주’ 중 하나로 가장 먼저 다가온 종목입니다. 2차전지, 탄소중립, 반도체 세정 및 식각 공정(에칭가스) 등 다양한 부분에서 수혜를 받을 수 있고, 지금도 꾸준히 받고 있는 종목이기에, 많은 분들께서 이전부터 관심 있게 지켜보고 계시리라 생각합니다.



[수급 및 차트] A-

기관의 매수세가 6거래일 연속 이어지고 있다는 점이 매력적입니다. 외인의 매수세는 최근 다소 줄어들었지만, 아직까지는 종가 기준 5일선을 지속적으로 유지하고 있습니다.

작년 9/1 중국 전기차 성장의 수혜주로 부각되며 시장의 관심을 받기 시작했고, 5거래일가량 상승세를 이어갔습니다 (기사 첨부).

https://ccnews.lawissue.co.kr/view.php?ud=2020090309243953099817d053b9_12

이후 지속적인 하락과 횡보를 거듭하다, 2021년 실적 개선에 대한 기대감에 더하여, 12/18 기관과 외인이 강한 매수세를 보이며 큰 상승 나왔고, 12/24도 그만큼은 아니지만 다소 상승했습니다. 가장 근래에는, 1/7 미국 의회 상하원의 ‘블루웨이브’ 및 중국 전기차 배터리 소재 400톤 증설 계획 등의 뉴스로 매우 강한 상승이 나오는가 싶었지만, 윗꼬리 긴 음봉으로 마무리했습니다.



[시장] B+

코스피는 (이번 주와 마찬가지로) 당분간 횡보와 단기 조정을 거듭할 것으로 생각됩니다. 이번 주 3100선이 깨졌으며, 전문가분들께서는 3000선을 1차 지지선, 그리고 2950선을 2차 지지선으로 상정하고 계시는 듯합니다.

하지만, 횡보 및 조정이 이루어진 이번 주 코스피 시장에도 불구하고, 후성의 낙폭이 그리 크지 않다는 점은 인상적입니다. 바이든 취임식을 기점으로 외국인의 유입이 보다 활발히 이루어진다면, 상승할 수 있는 여력은 충분하다고 생각됩니다.



[섹터] A0

2차전지 및 반도체 특수가스 섹터로 분류되어, 현재와 같은 시장 상황에서는 비교적 안정적인 수익률 달성이 가능할 것으로 생각됩니다. 또한, 보다 장기적으로는 올해 3~4월 출범이 예고된 탄소중립위원회와 관련하여 상승 모멘텀을 형성할 수도 있지 않을까 기대합니다. 올해부터 탄소배출권의 가격이 크게 오를 것으로 예상된다는 기사가 있어, 아래에 첨부합니다.

https://www.edaily.co.kr/news/read?newsId=01623606628915096&mediaCodeNo=257&OutLnkChk=Y



[재무] B+

2019년 4분기~2020년 1분기까지 영업적자를 기록하다가 2분기에 흑자전환 하였으며, 2021년 이후로는 보다 본격적인 회복세를 보일 것이라 기대되고 있습니다. 긍정적인 전망을 가능케 하는 가장 큰 부분은 중국 전기차 시장 및 관련 소재(전해액 첨가제; LiPF6) 가격의 상승세 전환입니다. 유진투자증권 리포트는 이와 같은 이유로 목표주가를 상향 조정하였습니다 (기사 첨부).

http://www.itooza.com/common/iview.php?no=2020122207455010108
"
21-01,삵,오전,4:50,"<더네이쳐홀딩스> 
[재무]

2018년부터 2020년까지 매출액 증가율은 2018년 104%, 2019년 66%, 2020년 25%를 기록했고 순이익 증가율은 2018년 186%, 2019년 87%, 2020년 145%를 기록했습니다. 

EPS는 2019년에 2,850원이었으며 2020년에는 5,862원이었습니다. 

2020년 10월 6일 유진투자증권에서 발표한 리포트를 살펴보면 2021년 순이익 잠정치는 520억이었으며 EPS 예상치는 7,173원이었습니다. 그러나 같은 리포트에서 예상한 2020년 순이익은 430억이었던 반면 실제 순이익은 391억으로 다소 과하게 잡은 감이 있습니다. 때문에 2021년도 실제 순이익이 520억이 나올 것이라고 기대하기는 힘들 것 같습니다.

매출액과 순이익 증가율은 서서히 감소하고 있는 추세입니다.



[차트와 수급]

더네이쳐홀딩스는 2020년 7월 27일에 상장했습니다. 상장한 직후 상승하면서 55,000원(8월 12일)을 찍은 주가는 그 뒤로 쭉 하락하면서 34,550원(9월 25일)으로 최저가를 찍었습니다.  그리고 다시 반등하여 48,700원(11월12일)을 찍었다가 다시 37,500원(12월29일)까지 하락 후 조금 반등하여 현재 40,500원에 안착했습니다.

수급은 외인의 경우 상장할 때 3% 가량 가지고 있었으나 꾸준히 팔면서 현재는 2% 정도 가지고 있습니다. 기관은 사고 팔고를 반복하는데 사실 기관도 외인도 매매량이 워낙 적어서 큰 의미는 없는 것 같습니다. 

 

[섹터]

더네이쳐홀딩스는 ‘내셔널지오그래픽’ 패션브랜드와 그 외 몇 개의 패션브랜드를 아이템으로 하는 회사입니다. 사실상 대부분의 수익은 내셔널지오그래픽에서 얻는다고 할 수 있습니다.

현재 코로나19로 패션주가 관심에서 멀어진 상태라 시장의 관심에서 멀어진 것 같습니다. 따라서 섹터만 따졌을 때 그렇게 매력적이라고는 할 수 없겠네요.  

  

[코멘트]

성장성도 서서히 감소하고, 기관이나 외인도 관심 없고 섹터도 별로인 주식을 분석한 이유는 그럼에도 불구하고 상당히 저평가 받았다는 생각이 들었기 때문입니다.

브랜드 내셔널지오그래픽은 더네이쳐홀딩스가 해외 다큐멘터리 프로그램인 내셔널지오그래픽으로부터 라이센스를 취득하여 런칭한 패션브랜드입니다. 재밌는 건 ‘에프엔에프’라는 회사가 더네이쳐홀딩스와 매우 비슷하다는 건데, 에프엔에프는 다큐멘터리 프로그램인 디스커버리 채널에서 라이센스를 취득하여 디스커버리 익스페디션을 런칭했습니다. 현재 디스커버리 익스페디션과 MLB, 그 외 몇 개 브랜드에서 수익을 내고 있는 에프엔에프는 이제 막 상장한 더네이쳐홀딩스의 좋은 모델입니다. 그리고 ‘휠라홀딩스’도 좋은 모델인데 휠라홀딩스는 다들 아시는 패션브랜드 휠라를 운영하는 회사입니다. 이 세 회사를 비교했을 때 더네이쳐홀딩스의 영업이익률, 순이익률이 더 높았지만 휠라홀딩스와 에프엔에프의 PER는 각각 15, 20인 반면 더네이쳐홀딩스는 7이 되지 않습니다. 게다가 휠라홀딩스와 에프엔에프가 코로나19의 여파로 2019년 대비 2020년 순수익이 크게 감소한 반면 더네이쳐홀딩스는 오히려 증가했다는 점에서 성장성이 돋보입니다. 따라서 비슷한 패션브랜드의 PER를 적용하여 EPS의 15배까지 상승한다고 생각하면 올해 EPS(5,800원)만으로도 87,000원까지는 상승 동력이 충분하다고 생각합니다. 내년 순이익 증가분까지 생각하면 더 되겠죠.

그러나 코로나 여파로 올해 꾸준히 패션주가 외면 받고 있는데다 휠라홀딩스의 매출액은 3조 원, 에프엔에프의 매출액은 8천억 원인데 반해 더네이쳐홀딩스의 매출액은 3천억 원 정도라는 게 아쉽습니다. 패션주에서 영업이익률이나 순이익률, 혹은 순이익 증가율보다 시장 점유율이 갖는 의미가 훨씬 클 수도 있기 때문입니다. 

당장 패션주가 외면 받는다는 점, 언제 수급이 붙을지 알 수 없다는 점, 시장점유율이 적어서 PER가 상승하지 않을 수도 있다는 점을 고려하여 혹시 관심이 생기신다면 코로나 사태가 어느 정도 잡히거나 기관과 외인의 수급이 들어오기 시작할 때 매수 타이밍을 잡아보는 것도 나쁘지 않을 것 같습니다.
"
21-01,표범,오전,5:04,"피앤이솔루션
2차전지의 공정은 크게 전극공정, 조립공정, 활성화공정으로 나뉜다. 피앤이솔루션은 활성화공정을 수행하는 장치를 제작한다. 반도체업계에서 테스나가 하는 역할을 2차전지에서 피앤이솔루션이 수행한다고 보면 된다. 피앤이솔루션은 국내 2차전지 후공정 업계에서 점유율1등이다. 국내 경쟁사로는 에이프로, 갑진이 있다. 거래사는 LG화학, 삼성SDI, SK 이노베이션 중국의 EVE등이 있다. 수출 60% 내수 40%의 매출실적을 보유하고 있다. 최근 원익홀딩스에 인수되었다.

섹터A

2차전지 테마에 속해있다. 전기차, 2차전지, 반도체, 친환경에너지 테마가 가장 관심을 많이 받는 테마인 것을 생각하면 2차전지 후공정인 활성화공정을 담당하는 피앤이솔루션 또한 좋은 테마에 위치했다고 볼 수 있겠다.

재무B+

매출액은 2016년부터 2019년까지 470억 740억 1030억 1470억으로 증가해왔다. 영업이익 또한 40억 90억 120억 180억으로 증가해왔다. 2020년 3분기까지의 매출액은 827억 영업이익은 128억이다. 자산총계 2022억중 16.6%인 336억을 현금으로 보유하고 있으며 부채는 1074억이다. 과거부터 매출액과 영업이익이 꾸준히 증가해 왔으며 부채비율은 50%정도이다. 나쁘지는 않은 재무지만 그렇다고 특별하게 재무가 탄탄하지는 않다.

수급A

기관이 1월부터 9일 연속으로 매수를 하며 비중을 늘리고 있다. 많은 거래량과 함께 1월 8일에 갭상승한 이후에 23,000원에서 24,000원 사이에서 지지선을 형성했다.

차트A-

장기적으로는 꾸준히 우상향해왔다. 최근에는 5일선이 20일선과 120일선을 돌파한 이후로 15%정도의 주가 상승세를 보여주었다. 21,000원, 22,000원, 23,000원대에 지지선이 있다. 1월 8일에 갭상승한 이후 1월 9일에 물량이 어느정도 빠져나간듯 보이기 때문에 이 갭을 매우며 하락을 할지 이후에 기관의 대량매수로 상승할지 지켜보아야 할 종목이다.



마무리

피앤이솔루션은 주가수익비율 18.2로 피앤이솔루션의 국내 경쟁사인 에이프로의 주가수익비율이 43인 것을 고려하면 저평가 되어있는 종목이다. 에이프로가 이렇게 고평가받는 이유는 작년에 상장되기도 했고 최근에 후공정에 가스를 빼주는 ‘디개싱’ 그다음에 패키징을 해주는 ‘패키징’ 그다음에 후공정을 해주는 ‘포매이션’ 이 세 가지 공정을 하나로 합친 3 in 1 장비를 LG화학에 독점 공급하기 때문이라고 예상된다. 피앤이솔루션은 아직 3 in 1 장비를 생산하지 않으며 이 점에서 에이프로에게 경쟁력에서 뒤쳐진다. 앞으로 피앤이솔루션이 이렇게 2차전지 후공정 시 시간과 비용을 절약할 수 있는 기술을 개발하는지에 주목하며 투자를 하면 좋을 것이다.


"
21-01,팬더,오후,12:19,파일: 하이록코리아.pdf
21-01,벌꿀오소리,오후,12:43,"파워로직스


파워로직스는 휴대폰, 노트북, 자동차 후방 카메라 등에 포함되는 카메라 모듈을 생산하는 회사이며 이와함께 휴대폰 및 노트북용 배터리보호회로 부품(PCM)을 생산해왔습니다.

그러나 스마트폰 시장 성숙에 따른 글로벌 시장 성장세 둔화, 경쟁 심화 등으로 매출과 이익이 정체 중에 있었고, 기존 스마트폰 및 노트북 위주의 PCM 사업을 전기차에 필요한 전장용 PCM으로 확장하기 위해 노력했습니다.

LG화학, 삼성SDI, 등 글로벌 전기차 배터리 제조업체들과 전장용 PCM 개발을 완료했으며 현재 메인 공급업체로 성장했습니다.



2020년 사업 확장을 위한 노력으로 업계 최초로 원통형전지 기반 전기차용 배터리 모듈, 팩 자동화 라인을 구축했습니다.

2차전지의 과충전을 방지하는 보호회로와 함께, 배터리팩, 배터리관리시스템(BMS)를 생산하고 있습니다.

또한 현대차그룹과 함께 전기차 폐배터리를 재활용한 에너지저장장치(ESS) 생산을 맡아 주목받았는데요. 

그동안 국책 과제와 고객사와의 협업을 진행하며 ESS에 적용할 수 있는 배터리관리 시스템과 설계 기술을 확보했습니다.



[섹터 : A ]

전기차 시장의 성장과 함께 폐배터리 시장 또한 성장해, 5~10년 뒤에는 폐배터리만 수백만개에 달할 전망입니다.

또한 수명을 다해 전기차 배터리로써 가치가 떨어지더라도, ESS용 배터리로는 활용성이 높으며, 폐배터리 폐기에 따른 환경문제에서도 자유로워질 수 있습니다.

당장에 큰 주목을 받는 섹터는 아닐 수 있지만, 앞으로 꾸준히 주목받을 전기차, 2차전지 분야와 함께 폐배터리 대장주로서 주목받을 수 있다고 생각합니다.

또한 PCM 전장사업도 포함되기에 A로 점수를 매겼습니다.



[재무 : C ]

2019년까지 꾸준히 매출액이 증가해 1조원을 돌파하고, 영업이익률도 증가해 왔습니다.

PER 6.3, 시가총액 3477억원으로 매출액 대비 저평가입니다.

하지만 2020년 스마트폰 시장 성장 둔화와 코로나19로 인해 타격을 받았습니다.

회사 내부적으로 매출의 비중이 기존 스마트폰용 PCM 사업에서, 전장용 PCM 사업 비중이 확대되어 상당한 부분을 차지할 것이라고 봅니다.

배터리 관리시스템(BMS)과 배터리 팩을 구형, 양산할 수 있는 국내 유일 업체로 올해부터 사업이 본격화될 것이며,

향후 전기자동차 시장의 증가와 폐배터리를 활용한 에너지저장장치(ESS) 사업 진출에 따른 매출증가와 재무개선이 기대됩니다.



[수급 및 차트 : A ]

2020년 10월 상한가 이후 박스권을 형성하다가, 2021년 들어 소폭 상승추세에서 1주일 전 현대차와의 ESS생산 뉴스로 슈팅이 나왔고, 등락이 좀 있긴 했지만 조정과 함께 10000원대 round figure 지지해주는 모습입니다.

최근 외국인 수급의 이탈이 약간 있었지만, 기관과 금융투자의 꾸준한 수급이 들어오고 있습니다.

수급의 이탈 없이 10000원대를 지지해준다면, 상승 추세 유지가 예상됩니다.
"
21-01,장구벌레,오후,2:33,파일: 정치가 왜 이래 1탄.pdf
21-01,코알라,오후,2:37,파일: 종목분석_동진쎄미켐.pdf
21-01,범고래,오후,9:50,"엔터 관련주 스윙 
스윙 이유

1. 코로나 종식이후 대표적인 수혜주 – 컨택트주의 대장

엔터주들의 매출 비중중 공연 및 컨택트 비중이 약 35~45. 따라서 코로나 종식시 현재의 매출대비 40~50%의 성장 기대. 또한 개인들의 심리상 콘서트, 공연 등에 대한 보복 소비 (기존에 놀지 못했으니까) 가 예상이 된다. 따라서 코로나 종식이후 급격히 수혜를 받을 산업군



2. 중국의 한한령 해제외 미국과 중국의 관계

바이든 정부 출범 이후, 바이든은 계속해서 중국에 대한 제제를 가할 것을 시사. 이러한 상황에서 중국은 한국을 적대국으로 둘 수 없음. 특히 중국 산업의 성장을 위해선 반도체 생산이 필요한데 적대국인 대만에 수주를 맡기지는 않을 것. 단순히 반도체 산업을 위해서도, 미국 견제를 위해서도 한국을 자신들의 우국으로 만들려고 할 것 



3. OTT 관련 실질 수혜주

최근 OTT 경쟁이 격화되며 IP 산업에 상당한 투자가 들어오고 있음. 이에 드라마,영화 스튜디오 및 오리지널 IP 보유 기업들이 주목을 받음. 이러한 상황은 배우, 아이돌들의 게런티 증가로 이어져 엔터 산업 전체의 파이가 커질 것으로 예상. 한편 방탄소년단과 블랙핑크의 세계화, OTT 서비스의 발전 등으로 인해 한류 열풍이 더욱 커질 것으로 예상. 



엔터 관련주 : YJP (시총 1조2천억 / 41위) YG (8700억 / 72위) / SM (7000억 / 98위) 

현재 JYP가 가장 시가 총액이 높은 수준. YG와 SM은 오너 리스크 및 자체 리스크가 크다고 분석이 됨. 하지만 엔터주는 장기 투자가 아닌 스윙투자로 적합하기 때문에 시가 총액이 큰 JYP보단 YG나 SM이 적합해 보이며 / 조금더 리스크 테이킹을 한다면 YG PLUS까지 괜찮다고 생각이 된다.



현재 차트상 JYP, SM 은 어느정도 조정을 받은 후 다시 주가가 오르는 중이며 / YG는 아직까지 재판과 관련된 리스크가 끝나지 않아 주가의 등락폭이 큰 것으로 보인다. 

엔터주는 장기투자가 힘들다. 대형 3사라고 하더라도 늘 아이돌들을 성공시키는 것이 아니며, 개인과 관련된 사업이기에 언제 이슈가 발생할지 모른다. 하지만 현재 상황상 컨택트 주로의 수급 이동, 주요 산업 주가의 벨류에이션 부담, OTT 경쟁 격화 등의 이유로 엔터주 전체가 수혜를 받을 것으로 예상된다.
"
21-01,사자,오후,9:56,"[ 다우기술 ]


[ 섹터 : A- ]



'다우기술' : 다우키움그룹의 모기업



- 다우키움그룹 계열의 기업용 소프트웨어 개발, 시스템 통합(SI) 및 컨설팅, IT 아웃소싱, 인터넷 서비스 등의 사업을 영위하는 업체.

- Vmware, Citrix 등과의 총판계약을 통해 해외 유명 솔루션을 국내에 성공적으로 도입했으며, 공공, 금융, 제조, 통신 등의 분야에서 다수의 시스템 통합 사업 경험을 보유 중.

- 한국판 디지털 뉴딜 정책의 수혜주이자 클라우드 관련 기술 성장, 정부 데이터 댐 사업의 본격화에 따른 수혜 기대.

- 언택트 종목으로, 코로나로 인한 타격 X



사업영역



1. 마케팅 커뮤니케이션 - 문자메세지 뿌리오, 인터넷 팩스 엔 팩스

2. 커머스 -  P2P 커머스, SNS 커머스 등

3. 비즈니스 인프라 - 비즈니스 플랫폼, 클라우드, IDC, 도메인 등

4. 금융 IT 서비스 - 비즈니스 플랫폼, 클라우드, IDC, 도메인 등





[ 재무 : A ]



유가증권 상장업체인 키움증권과 코스닥 상장업체인 사람인에이치알, 한국정보인증이 최대주주임.

'다우기술'이 지분을 보유하고 있는 관계사 : 키움증권 (44.94%, 최대주주),  한국정보인증(37.47%, 최대주주),  사람인에이치알 (32.73%, 최대주주), 미래테크놀로지 (26.66%, 2대 주주)



'다우데이타' 최대 주주(45.2 %), 국민연금공단 7.13% 지분, 실제 유통되는 주식 31.4%



매출액은 폭발적으로 성장 중. 2017년 1조원대, 2018년 2조원대 돌파, 2019년 3조원대 돌파. 

2020년 3분기까지 매출 4조 1천억, 영업익은 7,163억 / 작년 매출 3조 2400억, 영업익 5,075억으로 매년 꾸준한 성장세를 보이고 있음.

- 매출액 성장률 41.18%  / 동종 업계 평균 9.41%

부채비율이 다소 높아지고 있으나, 이는 자회사 키움증권의 영향으로 판단됨.



영업익과 순이익도 꾸준히 상승하고 있으며, EPS도 꾸준히 증가하고 있음.

PER은 3.86배로 동일업종 PER 26.62보다 상당히 낮은 수치이고, PBR은 0.8배로 저평가 되고 있다고 볼 수 있음.



[ 수급 : A ]



외인 비중 22%대로 높은 편. 외인 기관 모두 나쁘지 않다. 특히, 최근 기관에서 매수세가 들어오고 있음.



9월 8일 거래량이 터지면서 13% 이상 상승을 보여줌. 정부가 추진하는 디지털 뉴딜의 수혜에 따른 기대감 때문.



[ 차트 : A-  ]



폭발적인 성장세에 비해 아직까지 큰 상승 하락 없는 박스권 유지 중으로 정부의 디지털 뉴딜정책 수혜 시 충분히 30000원 이상 슈팅을 기대해볼만한 종목으로 판단됨.

단, 중 장기 종목으로 적합 예상.



[ 요약 ]



꾸준한 실적 성장세, 좋은 재무구조, 디지털뉴딜 정책 수혜 기대, 실적 대비 저평가 구간, 주력 자회사 키움증권의 주가 상승
"
21-01,푸른바다거북,오후,9:58,"강원랜드 (KRX: 035250) 


1998년 6월 설립, 2001년 상장.

한국광해관리공단, 정선군청, 강원도개발공사 등 공공부문 지분율이 51%인 산업통상자원부 산하 시장형 공기업. 

폐광지역개발지원에 관한 특별법 제11조 제2항 및 동법시행령 제13조에 의거하여 공공부문 지분율을 51% 이상 유지해야 할 의무가 있음.

강원도 정선군에 위치한 복합 리조트 시설로 카지노를 비롯해 호텔, 콘도, 골프장, 스키장, 워터파크 사업 등을 영위.

문화체육관광부로부터 2023년까지 카지노업 재허가, 영업 시간과 영업장 규모 확장. (3년마다 재허가 절차)

대한민국 국민이 합법적으로 도박할 수 있는 유일한 카지노로 매출의 99%를 내국인이 차지.

2014년 기준, 강원랜드의 카지노 매출은 국내의 외국인 전용 카지노를 모두 합친 것보다 많음.

현재 시가총액: 5조 3913억원



○차트/수급



차트: B

현재 이평선 정배열 상태이지만 최근 일주일간 5% 이상 상승한 점으로 인해 B 부여.

코로나 종식 수혜주로 보는 장기투자 종목이기 때문에 차트 분석 중요도 낮음.



수급: C

외국인과 기관 모두 매집 움직임이 없으며 연기금의 매도물량이 지속적으로 나오고 있다는 점으로 인해 C 부여.



○재무/실적



재무: S

2020년도 영업적자로 인한 현금 유출보다 투자활동으로 인한 현금 유입이 커 현금 및 현금성 자산이 오히려 전년 대비 큰 폭으로 증가.

부채비율이 꾸준히 감소하는 추세로 2020년 3분기 기준 부채비율 13.9%, 유보율 3135%로 매우 안정적.

지역경제 활성화와 고용 등 강원도 경제에서 차지하는 압도적인 입지와 막대한 세금 수입으로 인해 폐지가 매우 힘들다는 점에서 S 부여.

※ 강원랜드 폐광기금은 7개 지자체에게 9년 동안 1조 2454억원을 지급하였으며, 지방세와 지자체 지분 몫의 배당까지 포함하면 정선군 한 해 세수의 절반 이상을 강원랜드가 차지.



실적: C

17년부터 19년까지 매출 1.4~1.5조원, 영업이익 4000~5000억원대를 기록.

그러나 COVID-19로 인한 영업 중단 때문에 2020년도 3분기 기준 매출 3400억원, 영업손실 -3500억원으로 전년 동기 대비 매출 70% 감소, 영업이익은 적자전환.

2020년 적자는 강원랜드 설립 이래 기록한 첫 적자.

적극적으로 대책을 강구 중인 한국마사회와 달리 아직까지도 뚜렷한 대책이 나오고 있지 않아 적자가 장기화될 가능성이 존재한다는 점에서 C 부여.



○시장/섹터



시장: B

1월 초의 과열 양상과 달리 한국 증시와 미국 증시, 비트코인까지 모두 횡보/조정하는 모습을 보이고 있어 단기 예측이 어려움.

그러나 지금까지의 상승장을 야기한 유동성에 변동이 생긴 것은 아니라는 점에서 B 부여.



섹터: B

호텔/카지노 섹터의 경우, 코로나 종식으로 인한 대표적인 수혜주 중 하나로 꼽히지만 이미 어느 정도 상승했다는 점에서 리스크 대비 매력도가 낮음.

아직 코로나 종식까지 시간이 꽤 걸릴 것으로 예상되는 만큼 코로나 사태가 기대보다 더 장기화될 경우 주목을 받기 힘들 수 있다는 점에서 B 부여.



○리스크



상술했듯 정부와 강원랜드 측에서 별다른 대책을 내놓고 있지 않으며, 심지어 강원도와 중앙정부가 서로에게 책임을 전가하는 중.

현재 국회에서 폐광기금 규모를 25%에서 30%로 상승시키는 법안을 논의 중이기에 수익성이 악화될 우려가 있음.

카지노에 대한 부정적 이미지로 인해 국민 여론이 좋지 않음.



○의견



시간만 투자한다면 감히 확정적인 수익을 약속할 만한 종목.

2011년부터 2019년까지 대부분의 기간을 3만원 이상에서 가격대를 형성한만큼 2만원 중반대인 현재의 가격은 코로나 이전에 비하면 낮은 편.

성장성은 물음표이지만 재무가 매우 탄탄하고 망할 확률이 거의 없으며 수익성이 높은 기업이라는 점이 매우 매력적.

공공부문 의무적 보유 51%, 자사주 5.2%를 제외하면 실제 유동주식비율은 44% 수준이며 오랜 기간 전환사채 발행이나 유상증자를 하지 않았다는 점에서 매우 안정적.

가장 많은 지분을 가지고 있는 지자체들에게 배당을 주어야 하는 기업 특성상 배당이 꾸준하여 장기 보유 부담 적음.

코로나 이전을 기준으로, 실적의 등락이 있는 파라다이스, 호텔신라와 달리 강원랜드는 꾸준히 1조원 중반대의 매출과 30%대의 영업이익률을 기록함.

※ 파라다이스의 경우, 매출 1조원 이상을 기록한 적이 없으며 영업이익률은 10% 미만에서 형성.

※ 호텔신라의 경우, 매출 3조원 이상을 꾸준히 기록 중이었으나 영업이익률은 5% 미만으로 영업이익이 강원랜드보다 앞섰던 적은 없음.







지난주 이루다 분석에 이어 강원랜드로 또다시 장기투자 종목을 소개하게 되었습니다.

2차전지, 반도체와 같은 핫한 섹터나 테마주 등은 다른 분들께서 저보다 더 훌륭한 분석으로 많이 다뤄주셔서 저는 닉네임에 걸맞게 길게 가져가 볼만한 저평가, 소외주 위주로 소개하고자 하니 관점이 조금 다르시더라도 좋게 봐주시면 좋겠습니다. 

읽어 주셔서 감사합니다. :)
"
21-01,독수리(방장),오후,11:39,톡게시판 '글 공유': 분석 참여하지 않는 주린이들 받는 것(분석방에만)
21-01,독수리(방장),오후,11:40,톡게시판 '글 공유': 선호 투자 방식
21-01,독수리(방장),오후,3:22,"장마감했습니다. 오늘 너무 많은 일이 있어서 뭐부터 정리해야할지 모르겠지만, 일단 장세를 살펴보자면 특별히 이슈보였던 테마는 우주쪽이었고 나머지는 잠잠했습니다. 장 초반 기관들이 매수해주면서 단기 저점 확인하나 하다가, 다시 개인이 그대로 물량 받으며 심심한 장세 이어졌습니다. 장 중반 이재명 관련주들이 한 번 크게 반응 오면서 심심한 장세 이어가는 듯 하다가, 눌렸고 서울시장 주들은 재료소멸로 다 가라앉았습니다."
21-01,독수리(방장),오후,3:23,Lg헬로비전이 가짜뉴스로 상한가 도달하여 제가 상따매매 추천드려서 시도하셨던 분들 많으셨을텐데 죄송합니다. 그렇지만 제가 구라 가능성에 대해서 몇 번 언급했었으니 극소량 비중으로 하셨으리라 믿겠습니다. 이번에 혹시 비중 과대하셨다면 수업료 내셨다고 생각하시면 됩니다.
21-01,독수리(방장),오후,3:24,"2시 이재용 부회장님 선고에서 실형이 나오면서 또 한 차래 개인들이 투매가 나왔지만 수급의 변동은 없었습니다. 이건 개인이 판 걸 개인이 샀다는 걸로 보이구요, 기관 외인 연기금은 특이 수급 보이지 않았습니다."
21-01,독수리(방장),오후,3:25,"3시에는 셀트리온 결과 발표되며 천하제일 단타대회 잠시 열렸다가 음봉으로 마무리됐고, 셀트리온은 이제 슬슬 낙주매매하러 놀러가야겠습니다. 토론방 셀트리온 이번 실험에 관한 문제점 말씀해드리겠습니다."
21-01,독수리(방장),오후,3:26,오늘장도 고생 많으셨습니다. 하락하는 날이 있어야 상승하는 날도 있습니다. 한가지 좋은 소식은 외인들이 2850-3000부근에서 하방으로 포지션 잡았던 물량을 이번에 손절했다는 증권가 소식이 있습니다. 코스피 단기로는 3000선 이탈할 수 있지만 바이든발 경기부양책 및 정치 안정화 되기 시작한다면 공매도 부활 전까지는 상승장세 이어갈 수 있습니다.
21-01,독수리(방장),오후,3:27,헬로비전 다시 한 번 죄송합니다. 수고 많으셨어용
21-01,독수리(방장),오후,3:30,오늘 장은 대부분의 사람들의 예상대로 흐른 장이었습니다. 코스피 기관 1조 이상 매도 이걸 또 개인이 다 받았구요. 기관은 아직 상승생각은 없어보입니다.
21-01,독수리(방장),오후,3:31,"주목해몰 것은 코스닥의 기관과 외인의 순매수 폭인데, 외인 기관 모두 2000억 이상 매수했습니다. 요 며칠 새 코스닥은 수급이라 해봐야 몇백억 수준이었는데, 오늘은 코스닥에 눈에 띄는 폭의 양매수가 들어왔습니다."
21-01,독수리(방장),오후,3:32,사진
21-01,독수리(방장),오후,3:32,사진
21-01,독수리(방장),오후,3:32,사진
21-01,독수리(방장),오후,3:33,어제 말씀드린 것처럼 코스닥 종목 위주로 보시고 바이오 주들 수급 붙으면 한 번 노려볼 자리 만들어지는 중 같습니다.
21-01,독수리(방장),오후,7:08,"오늘 정마감 브리핑은 제가 오후장을 못 봐서 조금 상세하지 않을 수 있습니다. 코스피 수급이 요동을 쳤는데, 안 적을 수가 없네요. 먼저 lg전자 이슈입니다. 이건 제 생각이 짧았습니다. 모바일 사업부 접는다고만 생각해서 그 부분 매각쪽만 기사 뜰 줄 알았는데, Lg는 이미 준비가 되어 있었던 것 같습니다. 모바일 사업부 접는다는 이슈와 함께 LG카 이슈 흘려버리면서 주가를 범핑 시키고, 현재 시장 참여자들이 모바일 사업부 접으면 이 것을 LG전자 배터리에 집중한다는 기대감을 가진 듯 합니다."
21-01,독수리(방장),오후,7:09,장마감*
21-01,독수리(방장),오후,7:10,"또 장 막판에 삼전 관련해서 이슈 터지면서 삼전과 코스피가 슈팅을 하는 놀라운 상황도 봤습니다. 보통 장 마감 때 크게들어오는 쪽은 외인인데, 개인이 순매수에서 순매도로 전환 외인이 큰 순매수로 전환하며 장마감했습니다."
21-01,독수리(방장),오후,7:12,"오늘의 상승은 가리키는 바가 큽니다. 다시 한 번 대형주 강세장이 가능합니다. 특히나 공매도 금지 연장까지 더해진다면 더더욱 대형주 강세장의 가능성이 높아집니다. 이번 대형주 강세장에서 조금 쉬어갔던 수소차, 태양광, 친환경 등의 쉬어가는 섹터는 대형주로, 계속 달렸던 자동차, 2차전지, 반도체(특히 삼성전자 파운드리 혹은 삼성전자 벨류체인) 쪽은 중형주(시총 5천억-1.5조)를 공부해야겠습니다."
21-01,독수리(방장),오후,7:14,"혹시 이번주에 분석 종목 안 정하셨으면 제가 말씀드린 섹터 쪽에서 분석해주시면 감사하겠습니다. 저저번주에도 제가 삼성전자 파운드리 쪽 벨류체인 공부해보자고 말씀 드렸는데, 그 때 나온 종목들 상승 잘 하는 중이거든요ㅎㅎ 제가 섹터 쪽은 좀 예민하게 잘 보는 편입니다.(종목 보는 눈이 좀 딸려서 맨날 놓쳐버리긴 하지만요)"
21-01,독수리(방장),오후,7:14,"그럼 오늘 장도 수고 많으셨고, 남은 하루 즐겁게 보내세용"
21-01,오리너구리,오후,8:45,"잡담 금지입니다.
📍매주 토요일~일요일에 분석하시면 됩니다.

📍 분석하신 후에 마지막 줄 또는 따로  “<닉네임> 완료” 메시지 남겨주시면 됩니다. 띄어쓰기 유의해주시길 바랍니다!

예시) 오리너구리 완료

📍다른 분이 글 쓰시는 도중에는 중간에 말 끊지 마시기 바랍니다.

📍이 방은 조금 딱딱하게 진행하고 토론방에서 자유롭게 뉴스 나누고 하면 될 듯 싶습니다.
"
21-01,오리너구리,오후,8:45,"톡게시판 '공지': 잡담 금지입니다.
📍매주 토요일~일요일에 분석하시면 됩니다.

📍 분석하신 후에 마지막 줄 또는 따로  “<닉네임> 완료” 메시지 남겨주시면 됩니다. 띄어쓰기 유의해주시길 바랍니다!

예시) 오리너구리 완료

📍다른 분이 글 쓰시는 도중에는 중간에 말 끊지 마시기 바랍니다.

📍이 방은 조금 딱딱하게 진행하고 토론방에서 자유롭게 뉴스 나누고 하면 될 듯 싶습니다.
"
21-01,독수리(방장),오후,9:32,"혼란을 줄이기 위해, 이번주부터 카운트를 다시 할게요.
1기분들이든 2기분들이든 앞으로 1월 2주 남았으니, 1월엔 남은 2주 동안 1회만 분석해주시면 됩니다.

다음 달부터는 매달 2회씩 해주시면 됩니다.

혹시 1기분들 중 이미 2회 분석을 완료하셔서, 더이상 1월 분석을 하기 싫으신 분은 말씀해주시면 반영하겠습니다.

끝에 <닉네임>+ 완료 붙이는 것 잊지 말아주세요!
"
21-01,백조,오전,9:42,"http://weeklybiz.chosun.com/site/data/html_dir/2020/01/16/2020011602158.html


""잘될까?"" 회의적인 일론 머스크



""상상도 못할 정도로 멍청한"", 이는 Elon Musk가 연료전지(fuel cell)에 대해 한 코멘트이다.

​

연료전지는 수소와 산소를 결합해 물을 만드는 과정에서 발생하는 화학에너지를 전기에너지로 바꿔주는 장치이다.

​

하지만 물에서 수소를 뽑아내는데 필요한 에너지가 뽑아낸 수소에너지보다 크기 때문에 효율성, 

​

즉 경제성이 떨어지기 때문에 비효율적이라고 비판한 것이다. 

​

또한 수소차 보급 확산을 위해서 가장 필요로 하는 것이 바로 관련 인프라 구축인데,

​

수소업계에 따르면 수소 충전소 1기를 만들려면 부지 비용을 제외하고서라도 약 30억원의 비용이 든다고 한다.

​

이는 일반 주유소 구축 비용의 4배 비싼 수준이다.

​

​

하지만 각국 정부가 정책적으로 '수소 경제' 육성에 힘을 쏟고 있다.

​

결국 수소 분야에 돈과 정책이 집중되면 수소 사업도 충분히 가능해 질 것이라는 판단이다.

​

2019년은 수소연료전지차 중심으로 움직였지만 현재는 발전용 연료전지, 충전소, 수소 이동수단까지 투자 범위가 확대되었다.

​

투자의 리스크를 줄이고자 한다면 수소 경제에서 없어서는 안될 핵심 소재에 대한 투자를 하여야할 것이다.

​

그럼 충전소,ㅡ 자동차, 수소이동수단 등 모든 분야에 걸쳐 꼭 필요한 소재를 알아보아야 하는데 바로 '탄소섬유'이다.

​

충전소용압력용기, 자동차 압력탱크, 수소이동수단인 튜브트레일러 등에 사용되는 소재인데,

​

진입장벽이 높은 편이라 글로벌 플레이어가 제한적이라는게 투자 포인트이다.

​

두번째로는 '불소수지'이다. 수소경제에 적용되는 분야가 자동차로 제한적이지만 수소연료전지차 전체 생산비용 중 약 40%를 차지하는 연료전지 스택의 주요 부품인 멤브레인막(스택비용 중 43% 차지)로 사용된다.

​

<효성첨단소재 298050>

​

'탄소섬유' 국내 유일 기업이다. 그간 국내 수소경제 적용 탄소섬유 제품은 도레이첨단소재가 독점중이었지만

​

2021년 하반기부터 효성첨단소재가 함께 공금을 하게 된다. 2019년 탄소섬유에 대한 인지 부족으로 인해

​

주가는 빛을 보지 못했지만 일본 수출규제 등으로 중요성이 부각되기 시작하면서 2020년부터 주가에 수소 멀티플이

​

반영되기 시작했다. 하지만 여전히 수소 관련주 중 저평가로 판단되며, 업사이드가 아직 많이 남아있다는 판단이다.

​

​

2019년 4분기 탄소섬유 국산화 완료 후, 2021년 하반기부터 현대차 넥쏘로의 적용이 기대되고 있다.

​

도레이 첨단소재와 효성첨단소재의 듀얼 공급 비중이 정해지고, 하반기에는 적용이 본격화 될 예정이다.

​

탄소섬유는 자동차 외에도 다양한 인프라 관련 제품에도 적용이 가능하며, 스틸코드 설비 이관으로 인해 원가를 절감하고 가동률을 상승시켰으며, 스판텍스 호황으로 베트남 스판 실적 호조도 기대된다.

​

수소관련주(상아프론테크, 일진다이아 등) 2019년, 2020년 평균 PER 22배를 적용하면 주가가 247000원이 된다.

​

대부분의 수소 관련주들은 국산화 이후 실제 매출이 발생하지 않았음에도 기대감만으로 PER 50 이상에서 거래중이다.

​

하지만 '탄소섬유'는 수소경제에 있어서 적용분야가 가장 넓으며 이미 미국 CNG 압력용기를 중심으로 이익 성장 중이다.

​

재무 관련해서 부채는 현재 부담스럽지만 저금리 상태라서 크게 고려할 사항은 아니다.

​

수소차 탄소섬유 모멘텀으로 크게 움직이는 종목인데 작성 중 오늘 장 시초로 10% 이상 떠버렸...

​

전기차 순환매에 이어서 수소차 쪽으로도 순환매 돌 가능성이 높아보인다.

​





<수소 관련 정책적 흐름>

​

한국은 2019년 1월 '수소경제 활성화를 위한 로드맵', 2020년 7월 수소시장 확대 내용을 담은 한국판 뉴딜 정책을 발표함.

​

2040년까지 수소차 누적 생산량을 620만대로 확대하고(이는 세계시장 점유율 1위 달성 목표임), 발전용 수소연료전지 15GW와

​

가정/건물용 수소연료전지 2.1GW를 보급하는 등의 내용이 전자에 담겨있고, 후자는 그린에너지, 친환경 모빌리티, 그린 리모델링 등

​

3개 사업에 2025년까지 37조원을 투자한다는 내용이다. 수소 시장의 확대는 시간 문제이다.

​

한국 이외에도 글로벌 트렌드로서, 독일 역시 2020년 6월 '수소 전략'을 발표했고, EU도 20년 7월 '수소 로드맵' 발표함.

​

현재 20억유로 규모인 수소경제를 2030년까지, 한화로 190조원 시장으로 육성하기 위해 2050년까지 최대 630조원 투자 계획.

​

작성중이던 효성 첨단소재가 너무 떠버렸기 때문에 다른 관련 주식 분석

​

1. 진성티이씨

​

기존 사업은 캐터필러향 중장비 하부구조부품이지만 신사업으로 두산퓨얼셀향 수소연료전지 부품 쪽으로 진행중임.

​

수소 로드맵 이행이 지연되거나 축소되지 않으면 수소연료전지 쪽 모멘텀이 시작되면서 주가도 반응할 것으로 보임.

​

두산퓨얼셀이 사업을 확장함에 따라서 진성티이씨의 수혜를 시장에서 인정하게 되면 그에 따른 주가도 반영될 것.

​

2. 상아프론테크

​

국내에서 유일한 불소수지 기반의 제품을 생산할 수 있는 기업임. 스택 연료전지 멤브레인 관련해서 사업진행중. 

​

세계적으로는 미국 고어사가 수소차용 멤브레인을 공급하고 있지만 국내에서는 상아프론테크가 유일한 생산기업임.

​

ePTFE 제조 특허 보유, 이 소재는 수소연료전지 스택의 분리막으로 사용됨(해외에서 한 업체가 독점해오던 사업을 동사가 국산화함)

​

헝가리에 전기차 베터리 부품 공장 신설. 수소연료 전지, 전기차 부품 등 전세계로 공급중.

​

​

​

3. 일진다이아

​

수소 탱크 관련 업체. 수소저장장치 중 수소 저장용기 업체임.

​

자회사 일진복합소재가 수소차 관련업체이며, 초경량 복합재, CNG, 수소탱크 제조. 올해 상장 준비중.

​

PER이 다소 높은 편이고 약간 고평가되어있다는 판단.

​

​

이 외에 수소차 관련 업체들

​

효성중공업, 이엠코리아, 두산퓨얼셀, 인지콘트롤스, 세종공업, 비나텍,제이엔케이히터, 에스퓨얼셀, 미코, 에코바이오, 시노펙스 등이 있다.




"
21-01,백조,오전,9:42,백조 완료
21-01,오리너구리,오후,1:40,"종목 분석시 종목명은 [!종목명] 으로 시작해주시길 바랍니다.
ex) [!케이엠더블유] , [!두산퓨어셀, !신성이엔지]
"
21-01,독수리(방장),오후,3:21,"장 마감했습니다. 오늘 장은 운 좋게도 수소차 섹터가 크게 돌았습니다. 두산퓨얼셀 우선주들이 달려주면서 두산퓨얼셀 초강세, vi이후 절반 매도하고 매도한 만큼 다른 종목으로 교체했습니다."
21-01,독수리(방장),오후,3:23,"아직 안 오른 섹터를 찾아보니 5g가 그렇기도 하고 항상 순환매 끝자락에 5g가 있었다는 점, 5g관련해서 장중 뉴스도 있었다는 점에서 5g 종목으로 한 종목 편입했습니다."
21-01,독수리(방장),오후,3:25,"수소차 쪽은 이제 시세 시작이라 보시면 됩니다. 남은 절반은 지속 보유하시면 됩니다. 또, 당분간 큰 상승 이유가 없습니다. 이건 제가 계속 말씀 드렸는데, 현대차 이슈, lg전자 이슈 삼전 이슈 등 시총 높은 종목 슈팅이 나오면서 코스피 상승 모멘텀이 나왔었습니다. 그래서 그런지 코스피 자리가 조금은 쉬어가야할 자리로 보였습니다. 쌍바닥도 안 그린 체 외바닥으로만 상승하기는 버겁거든요. 그래서 정치 테마주도 한 종목 편입했습니다."
21-01,독수리(방장),오후,3:26,장 초반 코아시아 급등 있었으나 오늘 만든 전고점을 또 돌파하는 모멘텀 지속될거라 판단하여 보유했습니다.
21-01,독수리(방장),오후,3:27,종목 분석해주신 팬더님께 감사인사 드리구요
21-01,독수리(방장),오후,3:27,장은 조금은 쉬어가야할 것으로 보입니다. 상승 랠리 시작은 설날 이후가 될 것이고 그 때까지 현금비중은 유지해주시는 게 리스크 관리엔 좋습니다.
21-01,독수리(방장),오후,3:28,종목 섹터는 제가 말씀드렸던 섹터들 지속적으로 체크하시고 개별주들 중 낙폭 과대한 종목이나 분석했을 때 매우 좋은 종목 있으면 작은 비중으로 편입하시는 것 정도는 가능합니다.
21-01,독수리(방장),오후,3:29,"그럼 이번주 장 수고 많으셨고, 오늘 저녁에 저희 톡방 운영에 대해 간단한 투표와 함께 여러분들의 의견도 함께 들어보려고 합니다. 많은 의견 내주세용"
21-01,독수리(방장),오후,3:31,"시장 수급에 대한 설명이 빠졌네요. 코스피 여전히 개인만 사대고 있고 외인은 관망 포지션, 기관은 매도 포지션입니다. 개인이 어디까지 받을 지는 모르지만 기관은 일단 이 구간에선 살 생각이 없어 보입니다. 아마 3000부근에서 쌍바닥 그리면 들어올 것 같습니다."
21-01,독수리(방장),오후,5:46,"여러분 오늘은 주식 뉴스방 관련해서 양해를 좀 구하고 싶습니다.


먼저 뉴스방을 만드려는 이유는, 여러분들도 다 처음엔 제가 전해드린 뉴스 정리를 보고 저를 알게 되셨을거고, 제가 뉴스 정리하는 건 그냥 많은 투자자분들이 수익나셨으면 좋겠다는 생각입니다. 그런 걸 좋아해서 리딩방 인턴도 해본 것이구요.



그 다음으로 여러분들의 소중한 분석을 공유하고 싶은 이유는, 결국 제가 정리하는 뉴스만 받아봐서는 제대로 된 주식 실력 증가가 불가능합니다. 다른 사람들의 분석도 같이 보고 하는 게 많은 분들에게도 좋을 것 같았습니다.



그래서 생각한 게 여러분들의 분석을 조금 공유하는 대신, 일정 보답을 받고 그 보답을 여러분들께 나눠주는 방식이었습니다. 그러나 그 보답이 강제적이게 되면, 문제가 발생할 것 같다는 의견 저도 동의합니다.



저희끼리는 저희끼리도 충분히 잘하는 것 같아서 기프티콘 등의 동기부여 트리거를 따로 만들지 않겠습니다. 그래도 저희에게 도움이 많이되신 분들껜 어느 정도의 보상을 지급해주고 싶습니다.



그래서 생각해낸 것이 아래의 방안입니다.



뉴스방에서 매달 자율적으로 기프티콘을 받은 다음, 분석방 글을 일부 공유하고, 자율적으로 받은 기프티콘을 매주 몇 분께 나눠드리는 것입니다. 이렇게 되면 분석하시는 분들의 노력에 비해 보답이 조금 초라해질 수는 있습니다. 그러나 여러분들도 처음에는 다 서툴렀을 거라 생각합니다. 이 톡방에 참가하지 못 한 지원해주신 고마운 분들, 혹은 아직 실력이 안 되서 못 들어오신 분들, 그런 분들께도 좋은 정보를 제공하고 싶습니다.



그래도 제 마음대로 하면 안 되니, 투표를 받겠습니다. 투표해주시면 감사하겠습니다.
"
21-01,독수리(방장),오후,5:46,"요약하자면
뉴스방을 만드는데, 기프티콘은 자율로 받고 분석을 일부 공유함 (분석이 공유된 분껜 기프티콘 제공)

그러나 기프티콘이 자율로 받기 때문에, 노력에 비해 보상이 다소 초라할 수는 있음

톡방 내에서 하기로 했던 매달 기프티콘 걷는 것은 다들 잘 하시는 것 같아서 진행하지 않음
"
21-01,독수리(방장),오후,5:47,톡게시판 '투표': 뉴스방 분석 공유
